,song_id,song_name,lyrics,vagalume_song_url,vagalume_song_id
0,0,É Isso Ai,É isso aí|Como a gente achou que ia ser|A vida tão simples é boa|Quase sempre|É isso aí|Os passos vão pelas ruas|Ninguém reparou na lua|A vida sempre continua|Eu não sei parar de te olhar|Eu não sei parar de te olhar|Não vou parar de te olhar|Eu não me canso de olhar|Não sei parar|De te olhar|É isso aí|Há quem acredite em milagres|Há quem cometa maldades|Há quem não saiba dizer a verdade|É isso aí|Um vendedor de flores|Ensinar seus filhos a escolher seus amores|Eu não sei parar de te olhar|Não sei parar de te olhar|Não vou parar de te olhar|Eu não me canso de olhar|Eu não vou parar...de te olhar|Eu não sei parar...de te olhar,https://www.vagalume.com.br/ana-carolina/e-isso-ai.html,3ade68b8g512d5fa3
1,1,Boate Azul/Ainda Ontem Chorei de Saudade (Com Chitãozinho e Xororó),"Doente de amor|Procurei remédio na vida noturna|Com a flor da noite|Em uma boate aqui na zona sul|A dor do amor é com outro|Amor que a gente cura|Vim curar a dor desse mal de|Amor na boate azul|E quando a noite vai se|Agonizando no clarão da aurora|Os integrantes da vida noturna|Se foram dormir|E a dama da noite que estava|Comigo também foi embora|Fecharam-se as portas|Sozinho de novo tive que sair|Sair de que jeito, se nem sei o|Rumo para onde vou|Muito vagamente me lembro|Que estou em uma boate|Aqui na zona sul|Eu bebi demais e não|Consigo me lembrar sequer|Qual é o nome daquela mulher|A flor da noite da boate azul|Você me pede na carta|Que eu desapareça|Que eu nunca mais te procure|Pra sempre te esqueça|Posso fazer sua vontade|Atender seu pedido|Mas esquecer é bobagem|É tempo perdido|Ainda ontem chorei de saudade|Relendo a carta|Sentindo o perfume|Mas que fazer|Com essa dor que me invade|Mato esse amor|Ou me mata o ciúme|O ciúme",https://www.vagalume.com.br/bruno-e-marrone/boate-azul-ainda-ontem-chorei-de-saudade-com-chitaozinho-e-xororo.html,3ade68b8gab73d0b3
2,2,Dormi na Praça,"Eu caminhei sozinho pela rua|Falei com as estrelas e com a lua|Deitei num banco da praça tentando te esquecer|Adormeci e sonhei com você|No sonho você veio provocante|Me deu um beijo doce e me abraçou|E bem na hora H no ponto alto do amor|Já era dia e o guarda me acordou|Seu guarda eu não sou vagabundo eu não sou|delinquente|Sou um cara carente|Eu dormi na praça, pensando nela|Seu guarda seja meu amigo me bata me prenda faça tudo|comigo mas não me deixe ficar sem ela",https://www.vagalume.com.br/bruno-e-marrone/dormi-na-praca.html,3ade68b6g7ca1fda3
3,3,Desde que o Samba é Samba,A tristeza é senhora|Desde que o samba é samba é assi|A lágrima clara sobre a pele escura|a noite e a chuva que cai lá fora|Solidão apavora|tudo demorando em ser tão ruim|Mas alguma coisa acontece|no quando agora em mim|Cantando eu mando a tristeza embora|O samba ainda vai nascer|O samba ainda não chegou|O samba não vai morrer|veja o dia ainda não raiou|O samba é o pai do prazer|o samba é o filho da dor|O grande poder transformador,https://www.vagalume.com.br/caetano-veloso/desde-que-o-samba-e-samba.html,3ade68b6g6fa1fda3
4,4,Sampa,"Alguma coisa acontece no meu coração|Que só quando cruzo a Ipiranga e Av. São João|É que quando eu cheguei por aqui eu nada entendi|Da dura poesia concreta de tuas esquinas|Da deselegância discreta de tuas meninas|Ainda não havia para mim Rita Lee|A tua mais completa tradução|Alguma coisa acontece no meu coração|Que só quando cruza a Ipiranga e avenida São João|Quando eu te encarei frente a frente e não vi o meu rosto|Chamei de mau gosto o que vi, de mau gosto, mau gosto|É que Narciso acha feio o que não é espelho|E à mente apavora o que ainda não é mesmo velho|Nada do que não era antes quando não somos mutantes|E foste um difícil começo|Afasto o que não conheço|E quem vende outro sonho feliz de cidade|Aprende depressa a chamar-te de realidade|Porque és o avesso do avesso do avesso do avesso|Do povo oprimido nas filas, nas vilas, favelas|Da força da grana que ergue e destrói coisas belas|Da feia fumaça que sobe, apagando as estrelas|Eu vejo surgir teus poetas de campos, espaços|Tuas oficinas de florestas, teus deuses da chuva|Pan-Américas de Áfricas utópicas, túmulo do samba|Mas possível novo quilombo de Zumbi|E os Novos Baianos passeiam na tua garoa|E novos baianos te podem curtir numa boa",https://www.vagalume.com.br/caetano-veloso/sampa.html,3ade68b6g19e0fda3
5,5,Sozinho,"Às vezes no silêncio da noite|Eu fico imaginando nós dois|Eu fico ali sonhando acordado|Juntando o antes, o agora e o depois|Por que você me deixa tão solto?|Por que você não cola em mim?|Tô me sentindo muito sozinho|Não sou nem quero ser o seu dono|É que um carinho às vezes cai bem|Eu tenho os meus desejos e planos secretos|Só abro pra você, mais ninguém|Por que você me esquece e some?|E se eu me interessar por alguém?|E se ela de repente me ganha?|Quando a gente gosta|É claro que a gente cuida|Fala que me ama|Só que é da boca pra fora|Ou você me engana|Ou não está madura|Onde está você agora?",https://www.vagalume.com.br/caetano-veloso/sozinho-1.html,3ade68b6g23b1fda3
6,6,Você É Linda,"Fonte de mel|Nos olhos de gueixa|Kabuki, máscara|Choque entre o azul|E o cacho de acácias|Luz das acácias|Você é mãe do sol|A sua coisa é toda tão certa|Beleza esperta|Você me deixa a rua deserta|Quando atravessa|E não olha pra trás|Linda|E sabe viver|Você me faz feliz|Esta canção é só pra dizer|E diz|Você é linda|Mais que demais|Você é linda sim|Onda do mar do amor|Que bateu em mim|Você é forte|Dentes e músculos|Peitos e lábios|Você é forte|Letras e músicas|Todas as músicas|Que ainda hei de ouvir|No Abaeté|Areias e estrelas|Não são mais belas|Do que você|Mulher das estrelas|Mina de estrelas|Diga o que você quer|Você é linda|E sabe viver|Você me faz feliz|Esta canção é só pra dizer|E diz|Você é linda|Mais que demais|Você é linda sim|Onda do mar do amor|Que bateu em mim|Gosto de ver|Você no seu ritmo|Dona do carnaval|Gosto de ter|Sentir seu estilo|Ir no seu íntimo|Nunca me faça mal|Linda|Mais que demais|Você é linda sim|Onda do mar do amor|Que bateu em mim|Você é linda|E sabe viver|Você me faz feliz|Esta canção é só pra dizer|E diz",https://www.vagalume.com.br/caetano-veloso/voce-e-linda.html,3ade68b6ge371fda3
7,7,Você Não Me Ensinou A Te Esquecer,"Não vejo mais você faz tanto tempo|Que vontade que eu sinto|De olhar em seus olhos, ganhar seus abraços|É verdade, eu não minto|E nesse desespero em que me vejo|Já cheguei a tal ponto|De me trocar diversas vezes por você|Só pra ver se te encontro|Você bem que podia perdoar|E só mais uma vez me aceitar|Prometo agora vou fazer por onde nunca mais perdê-la|Agora, que faço eu da vida sem você?|Você não me ensinou a te esquecer|Você só me ensinou a te querer|E te querendo eu vou tentando te encontrar|Vou me perdendo|Buscando em outros braços seus abraços|Perdido no vazio de outros passos|Do abismo em que você se retirou|E me atirou e me deixou aqui sozinho|Agora, que faço eu da vida sem você?|Você não me ensinou a te esquecer|Você só me ensinou a te querer|E te querendo eu vou tentando me encontrar|E nesse desespero em que me vejo|Já cheguei a tal ponto|De me trocar diversas vezes por você|Só pra ver se te encontro|Você bem que podia perdoar|E só mais uma vez me aceitar|Prometo agora vou fazer por onde nunca mais perdê-la|Agora, que faço eu da vida sem você?|Você não me ensinou a te esquecer|Você só me ensinou a te querer|E te querendo eu vou tentando te encontrar|Vou me perdendo|Buscando em outros braços seus abraços|Perdido no vazio de outros passos|Do abismo em que você se retirou|E me atirou e me deixou aqui sozinho|Agora, que faço eu da vida sem você?|Você não me ensinou a te esquecer|Você só me ensinou a te querer|E te querendo eu vou tentando te encontrar|Vou me perdendo|Buscando em outros braços seus abraços|Perdido no vazio de outros passos|Do abismo em que você se retirou|E me atirou e me deixou aqui sozinho|Agora, que faço eu da vida sem você?|Você não me ensinou a te esquecer|Você só me ensinou a te querer|E te querendo eu vou tentando me encontrar",https://www.vagalume.com.br/caetano-veloso/voce-nao-me-ensinou-a-te-esquecer.html,3ade68b6g8e09fda3
8,8,Exagerado,"Amor da minha vida|Daqui até a eternidade|Nossos destinos foram traçados|Na maternidade|Paixão cruel, desenfreada|Te trago mil rosas roubadas|Pra desculpar minhas mentiras|Minhas mancadas|Exagerado|Jogado aos teus pés|Eu sou mesmo exagerado|Adoro um amor inventado|Eu nunca mais vou respirar|Se você não me notar|Eu posso até morrer de fome|Se você não me amar|Por você eu largo tudo|Vou mendigar, roubar, matar|Até nas coisas mais banais|Pra mim é tudo ou nunca mais|Exagerado|Jogado aos teus pés|Eu sou mesmo exagerado|Adoro um amor inventado|Que por você eu largo tudo|Carreira, dinheiro, canudo|Até nas coisas mais banais|Pra mim é tudo ou nunca mais|© Editora Sigem|62732030",https://www.vagalume.com.br/cazuza/exagerado.html,3ade68b6g7271fda3
9,9,Como Um Anjo,"Como um anjo|Você apareceu na minha vida|Como um anjo|Repleto de ternura e de paixão oh oh...|Como um anjo|Encanto e sedução doce aventura|Hum que loucura  você desabrochando no meu coração|Linda menina|Com olhar inocente, malícia, desejo e tentação|Que me cobre de amor e carícias vencendo a solidão|Só você pra me fazer feliz|Ai Ai Ai Ai Ai|Anjo, a luz do sol tá me acordando|Não vá embora estou te amando|Por favor não me deixe só|Ai Ai Ai Ai Ai|Anjo, não quero abrir meus olhos|Quero seguir vivendo um sonho de sermos só você e eu|Linda menina com olhar inocente malícia, desejo e tentação|Que me cobre de amor e carícias vencendo a solidão|Só você  pra me fazer feliz Ai Ai Ai Ai Ai|Anjo, a luz do sol tá me acordando|Não vá embora estou te amando|Por favor não me deixe só|Ai Ai Ai Ai Ai|Anjo, não quero abrir meus olhos|Quero seguir vivendo um sonho de sermos só você e eu|Anjo, a luz do sol tá me acordando|Não vá embora estou te amando|Por favor não me deixe só Ai Ai Ai Ai Ai|Anjo, não quero abrir meus olhos|Quero seguir vivendo um sonho de sermos só você e eu...",https://www.vagalume.com.br/cesar-menotti-fabiano/como-um-anjo.html,3ade68b7ge4bf8ea3
10,10,Esperando Na Janela,Quando me perdi|Você apareceu|Me fazendo rir|Do que aconteceu|E de medo olhei|Vi tudo ao meu redor|Só assim enxerguei|E agora eu estou melhor|Você é a escada da minha subida|Você é o amor da minha vida|É o meu abrir de olhos no amanhecer|Verdade que me leva a viver|Você é a espera na janela|A ave que vem de longe tão bela|A esperança que arde em calor|Você é a tradução do que é o amor|E a dor saiu|Foi você quem me curou|Quando o mal partiu|Vi que algo em mim mudou|No momento em que eu quis|Ficar junto de ti|E agora sou feliz|Pois te tenho bem aqui|Você é a escada da minha subida|Você é o amor da minha vida|É o meu abrir de olhos no amanhecer|Verdade que me leva a viver|Você é a espera na janela|A ave que vem de longe tão bela|A esperança que arde em calor|Você é a tradução do que é o amor (2x),https://www.vagalume.com.br/cesar-menotti-fabiano/esperando-na-janela.html,3ade68b7g2b167ea3
11,11,Leilão,Estou a beira da loucura|Ninguém mais me segura|Tô fora da sua vida|Eu já fui|Quero a minha liberdade|Posso até sentir saudade|Sei que custa dominar o coração|Mas meu amor não dá mais|Pra você tanto faz|Eu me entrego|Eu já fui|Eu quero a felicidade|Saber a verdade|Quem gosta de mim|Eu vou fazer um leilão|Quem da mais pelo meu coração|Me ajude voltar a viver|Eu prefiro que seja você|Eu vou fazer um leilão|Quem da mais pelo meu coração|Me ajude voltar a viver|Estou aqui tão perto|Me arremate para você.,https://www.vagalume.com.br/cesar-menotti-fabiano/leilao.html,3ade68b7g42137ea3
12,12,"Dias de Luta, Dias de Glória","Porque eu só faço o que o meu coração me manda|A galera faz barulho com o som da minha Banda|E quando a gente chega, a gente chega e toma conta|Na minha vida tudo acontece|Mas quanto mais a gente rala, mais a gente cresce|Hoje estou feliz porque eu sonhei com você|E amanhã posso chorar por não poder te ver|Mas o seu sorriso vale mais que um diamante|Se você vier comigo, aí nós vamos adiante|Com a cabeça erguida e mantendo a fé em Deus|O seu dia mais feliz vai ser o mesmo que o meu|A vida me ensinou a nunca desistir|Nem ganhar, nem perder mas procurar evoluir|Podem me tirar tudo que tenho|Só não podem me tirar as coisas boas que eu já fiz|pra quem eu amo|E eu sou feliz e canto e o universo é uma canção e|eu vou que vou|História, nossas histórias|Dias de luta, dias de glória|Oh minha gata, morada dos meus sonhos|Todo dia, se pudesse eu ia estar com você|Já te via muito antes nos meus sonhos|Eu procurei a vida inteira por alguém como você|Por isso eu canto a minha vida com orgulho|Com melodia, alegria e barulho|Eu sou feliz e rodo pelo mundo|Sou correria mas também sou vagabundo|Mas hoje dou valor de verdade pra minha saúde|pra minha liberdade|Que bom te encontrar nessa cidade|Esse brilho intenso me lembra você|História, nossas histórias|Dias de luta, dias de glória|Hoje estou feliz, acordei com o pé direito|E vou fazer de novo, vou fazer muito bem feito|Sintonia, telepatia, comunicação pelo cortex|boom bye bye",https://www.vagalume.com.br/charlie-brown-jr/dias-de-luta-dias-de-gloria.html,3ade68b7g970c5ea3
13,13,Ela Vai Voltar (Todos Os Defeitos de Uma Mulher Perfeita),"Minha mente nem sempre tão lúcida e fertil e me deu a voz|Minha mente nem sempre tão lúcida fez ela se afastar|Mas ela vai voltar|Mas ela vai voltar|Ela não é do tipo de mulher que se entrega na primeira|Mas melhora na segunda e o paraíso é na terceira|Ela tem força, ela tem sensibilidade, ela é guerreira|Ela é uma deusa, ela é mulher de verdade|Ela é daquelas que tu gosta na primeira|Se apaixona na segunda e perde a linha na terceira|Ela é discreta e cultua bons livros|E ama os animais, tá ligado eu sou o bicho|Minha mente nem sempre tão lúcida é fértil e me deu a voz|Minha mente nem sempre tão lúcida fez ela se afastar|Mas ela vai voltar|Mas ela vai voltar|Deixa eu te levar pra ver o mundo, baby|Deixa eu te mostrar o melhor que eu posso ser|Deixa eu te levar pra ver o mundo, baby|Deixa eu te mostrar o melhor que eu posso ser|Ela não é do tipo de mulher que se entrega na primeira|Mas melhora na segunda e o paraíso é na terceira|Ela tem força, ela tem sensibilidade, ela é guerreira|Ela é uma deusa, ela é mulher de verdade|Ela é daquelas que tu gosta na primeira|Se apaixona na segunda e perde a linha na terceira|Ela é discreta e cultua bons livros|E ama os animais, tá ligado eu sou o bicho|Minha mente nem sempre tão lúcida é fertil e me deu a voz|Minha mente nem sempre tão lúcida fez ela se afastar|Mas ela vai voltar|Mas ela vai voltar|Fazer da vida o que melhor possa ser|Traçar um rumo novo em direção ao sol|Me sinto muito bem|Quando vejo o pôr do sol|Só pra fazer nascer a lua|Minha mente nem sempre tão lúcida e fértil e me deu a voz|Minha mente nem sempre tão lúcida fez ela se afastar|Mas ela vai voltar|Mas ela vai voltar|Mas ela vai voltar|Mas ela vai voltar",https://www.vagalume.com.br/charlie-brown-jr/6-ela-vai-voltar-todos-os-defeitos-de-uma-mulher-perfeita.html,3ade68b7g099b5ea3
14,14,Só Os Loucos Sabem,"Agora eu sei exatamente o que fazer,|Bom recomeçar, poder contar com você,|Pois eu me lembro de tudo irmão, eu estava lá também,|Um homem quando esta em paz,|Não quer guerra com ninguém|Eu segurei minhas lágrimas,|Pois não queria demonstrar a emoção,|Já que estava ali só pra observar|E aprender um pouco mais sobre a percepção,|Eles dizem que é impossível encontrar o amor|Sem perder a razão,|Mas pra quem tem pensamento forte,|O impossível é só questão de opinião|E disso os loucos sabem, só os loucos sabem,|Disso os loucos sabem, só os loucos sabem|Toda positividade eu desejo a você,|Pois precisamos disso, nos dias de luta,|O medo cega os nossos sonhos,|O medo cega os nossos sonhos,|Menina linda eu quero morar na sua rua,|Você deixou saudade, você deixou saudade,|Quero te ver outra vez, quero te ver outra vez,|Você deixou saudade,|Agora eu sei exatamente o que fazer,|Bom recomeçar, poder contar com você,|Pois eu me lembro de tudo irmão, eu estava lá também|Um homem quando está em paz|Não quer guerra com ninguém.",https://www.vagalume.com.br/charlie-brown-jr/so-os-loucos-sabem.html,3ade68b8g1015afa3
15,15,A Banda,"Estava à toa na vida|O meu amor me chamou|Pra ver a banda passar|Cantando coisas de amor|A minha gente sofrida|Despediu-se da dor|Pra ver a banda passar|Cantando coisas de amor|O homem sério que contava dinheiro parou|O faroleiro que contava vantagem parou|A namorada que contava as estrelas parou|Para ver, ouvir e dar passagem|A moça triste que vivia calada sorriu|A rosa triste que vivia fechada se abriu|E a meninada toda se assanhou|Pra ver a banda passar|Cantando coisas de amor|O velho fraco se esqueceu do cansaço e pensou|Que ainda era moço pra sair no terraço e dançou|A moça feia debruçou na janela|Pensando que a banda tocava pra ela|A marcha alegre se espalhou na avenida e insistiu|A lua cheia que vivia escondida surgiu|Minha cidade toda se enfeitou|Pra ver a banda passar cantando coisas de amor|Mas para meu desencanto|O que era doce acabou|Tudo tomou seu lugar|Depois que a banda passou|E cada qual no seu canto|Em cada canto uma dor|Depois da banda passar|Cantando coisas de amor|© 1966 by Editora Musical Brasileira Moderna Ltda.|Administrada por Fermata do Brasil",https://www.vagalume.com.br/chico-buarque/a-banda.html,3ade68b6g67c1fda3
16,16,Cálice (part. Milton Nascimento),"Pai, afasta de mim esse cálice|Pai, afasta de mim esse cálice|Pai, afasta de mim esse cálice|De vinho tinto de sangue|Como beber dessa bebida amarga|Tragar a dor, engolir a labuta|Mesmo calada a boca, resta o peito|Silêncio na cidade não se escuta|De que me vale ser filho da santa|Melhor seria ser filho da outra|Outra realidade menos morta|Tanta mentira, tanta força bruta|Como é difícil acordar calado|Se na calada da noite eu me dano|Quero lançar um grito desumano|Que é uma maneira de ser escutado|Esse silêncio todo me atordoa|Atordoado eu permaneço atento|Na arquibancada pra a qualquer momento|Ver emergir o monstro da lagoa|De muito gorda a porca já não anda|De muito usada a faca já não corta|Como é difícil, pai, abrir a porta|Essa palavra presa na garganta|Esse pileque homérico no mundo|De que adianta ter boa vontade|Mesmo calado o peito, resta a cuca|Dos bêbados do centro da cidade|Talvez o mundo não seja pequeno|Nem seja a vida um fato consumado|Quero inventar o meu próprio pecado|Quero morrer do meu próprio veneno|Quero perder de vez tua cabeça|Minha cabeça perder teu juízo|Quero cheirar fumaça de óleo diesel|Me embriagar até que alguém me esqueça|1973 © by Cara Nova Editora Musical Ltda.",https://www.vagalume.com.br/chico-buarque/calice-part-milton-nascimento.html,3ade68b6gc8c1fda3
17,17,Construção,"Amou daquela vez como se fosse a última|Beijou sua mulher como se fosse a última|E cada filho seu como se fosse o único|E atravessou a rua com seu passo tímido|Subiu a construção como se fosse máquina|Ergueu no patamar quatro paredes sólidas|Tijolo com tijolo num desenho mágico|Seus olhos embotados de cimento e lágrima|Sentou pra descansar como se fosse sábado|Comeu feijão com arroz como se fosse um príncipe|Bebeu e soluçou como se fosse um náufrago|Dançou e gargalhou como se ouvisse música|E tropeçou no céu como se fosse um bêbado|E flutuou no ar como se fosse um pássaro|E se acabou no chão feito um pacote flácido|Agonizou no meio do passeio público|Morreu na contramão atrapalhando o tráfego|Amou daquela vez como se fosse o último|Beijou sua mulher como se fosse a única|E cada filho como se fosse o pródigo|E atravessou a rua com seu passo bêbado|Subiu a construção como se fosse sólido|Ergueu no patamar quatro paredes mágicas|Tijolo com tijolo num desenho lógico|Seus olhos embotados de cimento e tráfego|Sentou pra descansar como se fosse um príncipe|Comeu feijão com arroz como se fosse o máximo|Bebeu e soluçou como se fosse máquina|Dançou e gargalhou como se fosse o próximo|E tropeçou no céu como se ouvisse música|E flutuou no ar como se fosse sábado|E se acabou no chão feito um pacote tímido|Agonizou no meio do passeio náufrago|Morreu na contramão atrapalhando o público|Amou daquela vez como se fosse máquina|Beijou sua mulher como se fosse lógico|Ergueu no patamar quatro paredes flácidas|Sentou pra descansar como se fosse um pássaro|E flutuou no ar como se fosse um príncipe|E se acabou no chão feito um pacote bêbado|Morreu na contra-mão atrapalhando o sábado|Por esse pão pra comer, por esse chão prá dormir|A certidão pra nascer e a concessão pra sorrir|Por me deixar respirar, por me deixar existir,|Deus lhe pague|Pela cachaça de graça que a gente tem que engolir|Pela fumaça e a desgraça, que a gente tem que tossir|Pelos andaimes pingentes que a gente tem que cair,|Deus lhe pague Pela mulher carpideira pra nos louvar e cuspir|E pelas moscas bicheiras a nos beijar e cobrir|E pela paz derradeira que enfim vai nos redimir,|Deus lhe pague|1971 © by Cara Nova Editora Musical Ltda.",https://www.vagalume.com.br/chico-buarque/construcao.html,3ade68b6gf8c1fda3
18,18,60 Dias Apaixonado,"Viajando pra Mato Grosso|Aparecida do Taboado|Lá conheci uma morena, que me deixou amarrado|Deixei a linda pequena|Por Deus, confesso, desconsolado|Mudei o jeito de ser|Bebendo pra esquecer, 60 dias apaixonado|Dois meses juntinho dela|Eternamente serão lembrados|Pedaço da minha vida, lembranças do meu passado|Jamais será esquecida|A imagem bela de um anjo amado|Dois meses passaram logo|É num copo que eu afogo, 60 dias apaixonado|Se alguém fala em Mato Grosso|Eu sinto o peito despedaçado|O pranto rola depressa|No meu rosto já cansado|Jamais eu esquecerei Aparecida do Taboado|Deixei a minha querida|Deixei minha própria vida, 60 dias apaixonado",https://www.vagalume.com.br/chitaozinho-e-xororo/60-dias-apaixonado.html,3ade68b7geacf7ea3
19,19,Evidências,"Quando digo que deixei de te amar|É porque eu te amo|Quando eu digo que não quero mais você|É porque eu te quero|Eu tenho medo de te dar meu coração|E confessar que eu estou em tuas mãos|Mas não posso imaginar o que vai ser de mim|Se eu te perder um dia|Eu me afasto e me defendo de você|Mas depois me entrego|Faço tipo, falo coisas que eu não sou|Mas depois eu nego|Mas a verdade é que eu sou louco por você|E tenho medo de pensar em te perder|Eu preciso aceitar que não dá mais|Pra separar as nossas vidas|E nessa loucura de dizer que não te quero|Vou negando as aparências|Disfarçando as evidências|Mas pra que viver fingindo|Se eu não posso enganar meu coração|Eu sei que te amo|Chega de mentiras, de negar o meu desejo|Eu te quero mais do que tudo|Eu preciso do seu beijo|Eu entrego a minha vida|Pra você fazer o que quiser de mim|Só quero ouvir você dizer que sim|Diz que é verdade, que tem saudade|Que ainda você pensa muito em mim|Diz que é verdade, que tem saudade|Que ainda você quer viver pra mim",https://www.vagalume.com.br/chitaozinho-e-xororo/evidencias-2.html,3ade68b7gd5402ea3
20,20,Fio de Cabelo,Quando a gente ama|Qualquer coisa serve para relembrar|Um vestido velho da mulher amada|Tem muito valor|Aquele restinho do perfume dela|Que ficou no frasco|Sobre a penteadeira|Mostrando que o quarto|Já foi o cenário de um grande amor|E hoje o que encontrei me deixou mais triste|Um pedacinho dela que existe|Um fio de cabelo no meu paletó|Lembrei de tudo entre nós|Do amor vivido|Aquele fio de cabelo comprido|Já esteve grudado em nosso suor|Quando a gente ama|E não vive junto da mulher amada|Uma coisa à toa|É um bom motivo pra gente chorar|Apagam-se as luzes ao chegar a hora|De ir para a cama|A gente começa a esperar por quem ama|Na impressão que ela venha se deitar,https://www.vagalume.com.br/chitaozinho-e-xororo/fio-de-cabelo.html,3ade68b6g2fc1fda3
21,21,Galopeira,"Foi num baile em Assunción|Capital do Paraguai|Onde eu vi as paraguaias|Sorridentes a bailar|E ao som de suas guitarras|Quatro guapos a cantar|Galopeira, galopeira|Eu também entrei a dançar|Foi num baile em Assunción|Capital do Paraguai|Onde eu vi as paraguaias|Sorridentes a bailar|E ao som de suas guitarras|Quatro guapos a cantar|Galopeira, galopeira|Eu também entrei a dançar|Galopeira|Nunca mais te esquecerei|Galopeira|Pra matar minha saudade|Pra minha felicidade Paraguai, eu voltarei|Pra minha felicidade Paraguai, eu voltarei",https://www.vagalume.com.br/chitaozinho-e-xororo/galopeira.html,3ade68b7g82904ea3
22,22,Nuvem de Lágrimas,"Há uma nuvem de lágrimas sobre os meus olhos|Dizendo pra mim que você foi embora|E que não demora meu pranto rolar|Eu tenho feito de tudo pra me convencer|E provar que a vida é melhor sem você|Mas meu coração não se deixa enganar|Vivo inventando paixões pra fugir da saudade|Mas depois da cama a realidade|É só sua ausência doendo demais|Dá um vazio no peito, uma coisa ruim|O meu corpo querendo o seu corpo em mim|Vou sobrevivendo num mundo sem paz|Ah,jeito triste de ter você|Longe dos olhos e dentro do meu coração|Me ensina a te esquecer|Ou venha logo e me tira desta solidão",https://www.vagalume.com.br/chitaozinho-e-xororo/nuvem-de-lagrimas.html,3ade68b6gafc1fda3
23,23,Sinônimos,"Quanto o tempo o coração, leva pra saber|Que o sinônimo de amar é sofrer|No aroma de amores pode haver espinhos|É como ter mulheres e milhões e ser sozinho|Na solidão de casa, descansar|O sentido da vida, encontrar|Quem pode dizer onde a felicidade está|O amor é feito de paixões|E quando perde a razão|Não sabe quem vai machucar|Quem ama nunca sente medo|De contar o seu segredo|Sinônimo de amor é amar|Quem revelará o mistério que tem a fé|E quantos segredos traz o coração de uma mulher|Como é triste a tristeza mendigando um sorriso|Um cego procurando a luz na imensidão do paraíso|Quem tem amor na vida, tem sorte|Quem na fraqueza sabe ser bem mais forte|Ninguém sabe dizer onde a felicidade está|O amor é feito de paixões|E quando perde a razão|Não sabe quem vai machucar|Quem ama nunca sente medo|De contar o seu segredo|Sinônimo de amor é amar|O amor é feito de paixões|E quando perde a razão|Não sabe quem vai machucar|Quem ama nunca sente medo|De contar o seu segredo|Sinônimo de amor é amar|Quem revelará o mistério que tem a fé|E quantos segredos traz o coração de uma mulher|Como é triste a tristeza mendigando um sorriso|Um cego procurando a luz na imensidão do paraíso|O amor é feito de paixões|E quando perde a razão|Não sabe quem vai machucar|Quem ama nunca sente medo|De contar o seu segredo|Sinônimo de amor é amar|O amor é feito de paixões|E quando perde a razão|Não sabe quem vai machucar|Quem ama nunca sente medo|De contar o seu segredo|Sinônimo de amor é amar",https://www.vagalume.com.br/chitaozinho-e-xororo/sinonimos.html,3ade68b7g83e74ea3
24,24,Quero Te Encontrar,"Quando você vem pra passar o fim de semana|Eu finjo estar tudo bem mesmo duro ou com grana|É que...|Você ignora tudo que eu faço|Depois vai embora|desatando os nossos laços|Quero te encontrar|Quero te amar|você pra mim é tudo|minha terra, meu céu, meu mar|quero te encontrar|quero te amar|você pra mim é tudo|minha terra, meu céu, meu mar|Quando você vem pra passar o fim de semana|Eu finjo estar tudo bem mesmo duro ou com grana|É que...|Você ignora tudo que eu faço|Depois vai embora|desatando os nossos laços|Quero te encontrar|Quero te amar|você pra mim é tudo|minha terra, meu céu, meu mar|quero te encontrar|quero te amar|você pra mim é tudo|minha terra, meu céu, meu mar|É muita ousadia ter que percorrer|O país inteiro pra achar você|Mas tudo que eu faço tem um bom motivo|Linda eu te amo vem ficar comigo|Tô alucinado pelo seu olhar|Vou aonde for até encontrar|Eu te amo demais você é minha paz|Faz amor gostoso de novo comigo faz|Faaaaaaz|Quero te encontrar|Quero te amar|você pra mim é tudo|minha terra,meu céu,meu mar|quero te encontrar|quero te amar|você pra mim é tudo|minha terra, meu céu, meu mar|Quero te encontrar|Quero te amar|você pra mim é tudo|minha terra,meu céu,meu mar|quero te encontrar|quero te amar|você pra mim é tudo|minha terra, meu céu, meu mar|Quero te encontrar|Quero te amar|você pra mim é tudo|minha terra,meu céu,meu mar|quero te encontrar|quero te amar|você pra mim é tudo|minha terra, meu céu, meu mar|quero te te encontrar|quero te te encontrar|quero te te encontrar|quero te encontrar",https://www.vagalume.com.br/claudinho-buchecha/quero-te-encontrar.html,3ade68b7gc6d68ea3
25,25,Eu Te Devoro,"Teus sinais|Me confundem da cabeça aos pés|Mas por dentro eu te devoro|Teu olhar|Não me diz exato quem tu és|Mesmo assim eu te devoro|Te devoraria a qualquer preço|Porque te ignoro ou te conheço|Quando chove ou quando faz frio|Noutro plano|Te devoraria tal Caetano|A Leonardo di Caprio|É um milagre|Tudo o que Deus criou|Pensando em você|Fez a via-láctea|Fez os dinossauros|Sem pensar em nada|Fez a minha vida|E te deu|Sem contar os dias|Que me faz morrer sem saber de ti|Jogado à solidão|Mas se quer saber|Se eu quero outra vida,|Não, não.|Eu quero mesmo é viver|Pra esperar, esperar|Devorar você|© 1998 Luanda Edições Musicais Ltda.",https://www.vagalume.com.br/djavan/eu-te-devoro.html,3ade68b6gf1e1fda3
26,26,Flor de Lis,"Valei-me, Deus!|É o fim do nosso amor|Perdoa, por favor|Eu sei que o erro aconteceu|Mas não sei o que fez|Tudo mudar de vez|Onde foi que eu errei?|Eu só sei que amei,|Que amei, que amei, que amei|Será talvez|Que minha ilusão|Foi dar meu coração|Com toda força|Pra essa moça|Me fazer feliz|E o destino não quis|Me ver como raiz|De uma flor de lis|E foi assim que eu vi|Nosso amor na poeira,|Poeira|Morto na beleza fria de Maria|E o meu jardim da vida|Ressecou, morreu|Do pé que brotou Maria|Nem margarida nasceu.|E o meu jardim da vida|Ressecou, morreu|Do pé que brotou Maria|Nem margarida nasceu.|© 1976 BMG Music Publishing Brasil.",https://www.vagalume.com.br/djavan/flor-de-lis.html,3ade68b6g32e1fda3
27,27,Oceano,Assim|Que o dia amanheceu|Lá no mar alto da paixão|Dava pra ver o tempo ruir|Cadê você? Que solidão!|Esquecera de mim|Enfim|De tudo que há na terra|Não há nada em lugar nenhum|Que vá crescer sem voce chegar|Longe de ti tudo parou|Ninguém sabe o que eu sofri|Amar é um deserto|E seus temores|Vida que vai na sela|Dessas dores|Não sabe voltar|Me dá teu calor|Vem me fazer feliz|Porque eu te amo|Você deságua em mim|E eu oceano|Esqueço que amar|É quase uma dor|Só sei|Viver|Se for|Por você|© 1989 Luanda Edições Musicais Ltda.,https://www.vagalume.com.br/djavan/oceano.html,3ade68b6g7f69eda3
28,28,Samurai,"Ai....|Quanto querer|Cabe em meu coração|Ai....|Me faz sofrer|Faz que me mata|E se não mata, fere|Vai....|Sem me dizer|Na casa da paixão|Sai....|Quando bem quer|Traz uma praga|E me afaga a pele|Crescei, luar|Pra iluminar as trevas|Fundas da paixão|Eu quis lutar|Contra o poder do amor|Caí nos pés do vencedor|Para ser o serviçal|De um samurai|Mas eu tô tão feliz!|Dizem que o amor|Atrai...|© 1982 Luanda Edições Musicais Ltda.",https://www.vagalume.com.br/djavan/samurai.html,3ade68b6gcf69eda3
29,29,Se...,"Você disse que não sabe se não|Mas também não tem certeza que sim|Quer saber?|Quando é assim|Deixa vir do coração|Você sabe que eu só penso em você|Você diz só que vive pensando em mim|Pode ser|Se é assim|Você tem que largar a mão do não|Soltar essa louca, arder de paixão|Não há como doer pra decidir|Só dizer sim ou não|Mas você adora um se...|Eu levo a sério mas você disfarça|Você me diz à beça e eu nessa de horror|E me remete ao frio que vem lá do sul|Insiste em zero a zero e eu quero um a um|Sei lá o que te dá, não quer meu calor|São Jorge por favor me empresta o dragão|Mais fácil aprender japonês em braile|Do que você decidir se dá ou não.|© 1992 Luanda Edições Musicais Ltda.",https://www.vagalume.com.br/djavan/se.html,3ade68b6g6d18fda3
30,30,Águas de Março,"É pau, é pedra, é o fim do caminho|É um resto de toco, é um pouco sozinho|É um caco de vidro, é a vida, é o sol|É a noite, é a morte, é o laço, é o anzol|É peroba do campo, é o nó da madeira|Caingá candeia, é o Matita-Pereira|É madeira de vento, tombo da ribanceira|É o mistério profundo, é o queira ou não queira|É o vento ventando, é o fim da ladeira|É a viga, é o vão, festa da cumeeira|É a chuva chovendo, é conversa ribeira|Das águas de março, é o fim da canseira|É o pé, é o chão, é a marcha estradeira|Passarinho na mão, pedra de atiradeira|É uma ave no céu, é uma ave no chão|É um regato, é uma fonte, é um pedaço de pão|É o fundo do poço, é o fim do caminho|No rosto um desgosto, é um pouco sozinho|É um estrepe, é um prego, é uma ponta, é um ponto|É um pingo pingando, é uma conta, é um conto|É um peixe, é um gesto, é uma prata brilhando|É a luz da manhã, é o tijolo chegando|É a lenha, é o dia, é o fim da picada|É a garrafa de cana, o estilhaço na estrada|É o projeto da casa, é o corpo na cama|É o carro enguiçado, é a lama, é a lama|É um passo, é uma ponte, é um sapo, é uma rã|É um resto de mato na luz da manhã|São as águas de março fechando o verão|É a promessa de vida no teu coração|É pau, é pedra, é o fim do caminho|É um resto de toco, é um pouco sozinho|É uma cobra é um pau, é João é José|É um espinho na mão, é um corte no pé|São as águas de março fechando o verão|É a promessa de vida no teu coração|É pau, é pedra, é o fim do caminho|É um resto de toco, é um pouco sozinho|É um passo, é uma ponte, é um sapo é uma rã|É um belo horizonte, é uma febre terçã|São as águas de março fechando o verão|É a promessa de vida no teu coração|Pau, pedra, fim, caminho|Resto, toco, pouco, sozinho|Caco, vidro, vida, oh, noite, morte|Passo, anzol|São as águas de março fechando o verão|É a promessa de vida no teu coração",https://www.vagalume.com.br/elis-regina/aguas-de-marco.html,3ade68b6g2056fda3
31,31,Era Um Garoto Que Como Eu Amava os Beatles e os Rolling Stones,"Era um garoto Que como eu|Amava os Beatles E os Rolling Stones..|Girava o mundo Sempre a cantar As coisas lindas|Da América...|Não era belo Mas mesmo assim|Havia mil garotas afim Cantava Help|And Ticket To Ride Oh Lady Jane, Yesterday...|Cantava viva, à liberdade Mas uma carta sem esperar|Da sua guitarra, o separou Fora chamado na América...|Stop! Com Rolling Stones Stop! Com Beatles songs|Mandado foi ao Vietnã Lutar com vietcongs...|Ratá-tá tá tá...|Tatá-rá tá tá...|Ratá-tá tá tá...|Tatá-rá tá tá...|Ratá-tá tá tá...|Tatá-rá tá tá...|Ratá-tá tá tá...|Era um garoto Que como eu! Amava os Beatles E os Rolling Stones|Girava o mundo Mas acabou! Fazendo a guerra No Vietnã...|Cabelos longos Não usa mais|Nem toca a sua Guitarra e sim|Um instrumento Que sempre dá|A mesma nota Ra-tá-tá-tá...|Não tem amigos Nem vê garotas|Só gente morta Caindo ao chão|Ao seu país Não voltará|Pois está morto No Vietnã...|Stop! Com Rolling Stones Stop! Com Beatles songs|No peito um coração não há Mas duas medalhas sim....|Ratá-tá tá tá...|Tatá-rá tá tá...|Ratá-tá tá tá...|Tatá-rá tá tá...|Ratá-tá tá tá...|Tatá-rá tá tá...|Ratá-tá tá tá...|Ra-tá-tá tá-tá ...|Ra-tá-tá tá-tá ...",https://www.vagalume.com.br/engenheiros-do-hawaii/era-um-garoto-que-como-eu-amava-os-beatles-e-os-rolling-stones.html,3ade68b6ge2d9eda3
32,32,Aquele Abraço,"O Rio de Janeiro continua lindo|O Rio de Janeiro continua sendo|O Rio de Janeiro, fevereiro e março|Alô, alô, Realengo - aquele abraço!|Alô, torcida do Flamengo - aquele abraço!|Chacrinha continua balançando a pança|E buzinando a moça e comandando a massa|E continua dando as ordens no terreiro|Alô, alô, seu Chacrinha - velho guerreiro|Alô, alô, Terezinha, Rio de Janeiro|Alô, alô, seu Chacrinha - velho palhaço|Alô, alô, Terezinha - aquele abraço!|Alô, moça da favela - aquele abraço!|Todo mundo da Portela - aquele abraço!|Todo mês de fevereiro - aquele passo!|Alô, Banda de Ipanema - aquele abraço!|Meu caminho pelo mundo eu mesmo traço|A Bahia já me deu régua e compasso|Quem sabe de mim sou eu - aquele abraço!|Pra você que me esqueceu - aquele abraço!|Alô, Rio de Janeiro - aquele abraço!|Todo o povo brasileiro - aquele abraço!",https://www.vagalume.com.br/gilberto-gil/aquele-abraco.html,3ade68b6g4e9aeda3
33,33,Esotérico,"Não adianta nem me abandonar|Porque mistério sempre há de pintar por aí|Pessoas até muito mais vão lhe amar|Até muito mais difíceis que eu pra você|Que eu, que dois, que dez, que dez milhões,|todos iguais|Até que nem tanto esotérico assim|Se eu sou algo incompreensível, meu Deus é mais|Mistério sempre há de pintar por aí|Não adianta nem me abandonar (não adianta não)|Nem ficar tão apaixonada, que nada|Que não sabe nadar|Que morre afogada por mim",https://www.vagalume.com.br/gilberto-gil/esoterico.html,3ade68b6gdc02fda3
34,34,Ainda Ontem Chorei de Saudade,"Você me pede na carta que eu desapareça|Que eu nunca mais te procure pra sempre te esqueça|Posso fazer sua vontade atender seu pedido|Mas esquecer, é bobagem, é tempo perdido.|Ainda ontem chorei de saudade|Relendo a carta, sentindo o perfume|Mas que fazer com essa dor que me invade|Mato esse amor ou me mata o ciúme.|INTRODUÇÃO|O dia inteiro te odeio, te busco, te caço|Mas em meu sonho de noite, eu te beijo e te abraço|Porque os sonhos são meus, ninguém rouba e nem tira|Melhor sonhar na verdade que amar na mentira.|Ainda ontem chorei de saudade|Relendo a carta, sentindo o perfume|Mas que fazer com essa dor que me invade|Mato esse amor ou me mata o ciúme.|By AJARMANI",https://www.vagalume.com.br/joao-mineiro-e-marciano/ainda-ontem-chorei-de-saudade.html,3ade68b7g1fb47ea3
35,35,Além Do Horizonte,Além do horizonte existe um lugar|Bonito e tranquilo pra gente se amar|Além do horizonte deve ter|Algum lugar bonito pra viver em paz|Onde eu possa encontrar a natureza|Alegria e felicidade com certeza|Lá nesse lugar o amanhecer é lindo|Com flores festejando mais um dia que vem vindo|Onde a gente pode se deitar no campo|Se amar na relva escutando o canto dos pássaros|Aproveitar a tarde sem pensar na vida|Andar despreocupado sem saber a hora de voltar|Bronzear o corpo todo sem censura|Gozar a liberdade de uma vida sem frescura|Mas se você não vem comigo nada disso tem valor|De que vale o paraíso sem o amor|Se você não vem comigo tudo isso vai ficar|No horizonte esperando por nós dois|Além do horizonte existe um lugar|Bonito e tranquilo|Pra gente se amar|Mas se você não vem comigo nada disso tem valor|De que vale o paraíso sem amor|Se você não vem comigo tudo isso vai ficar|No horizonte esperando por nós dois|Além do horizonte existe um lugar|Bonito e tranquilo|Pra gente se amar,https://www.vagalume.com.br/jota-quest/alem-do-horizonte.html,3ade68b7g74085ea3
36,36,Só Hoje,"Hoje eu preciso te encontrar de qualquer jeito|Nem que seja só pra te levar pra casa|Depois de um dia normal|Olhar teus olhos de promessas fáceis|E te beijar a boca de um jeito que te faça rir|Que te faça rir|Hoje eu preciso te abraçar|Sentir teu cheiro de roupa limpa|Pra esquecer os meus anseios|E dormir em paz|Hoje eu preciso ouvir qualquer palavra tua|Qualquer frase exagerada que me faça sentir alegria|Em estar vivo|Hoje eu preciso tomar um café|Ouvindo você suspirar|Me dizendo que eu sou o causador da tua insônia|Que eu faço tudo errado sempre|Sempre|Hoje preciso de você|Com qualquer humor|Com qualquer sorriso|Hoje só tua presença|Vai me deixar feliz|Só hoje|Hoje eu preciso ouvir qualquer palavra tua|Qualquer frase exagerada que me faça sentir alegria|Em estar vivo|Hoje eu preciso tomar um café|Ouvindo você suspirar|Me dizendo que eu sou o causador da tua insônia|Que eu faço tudo errado sempre|Sempre|Hoje preciso de você|Com qualquer humor|Com qualquer sorriso|Hoje só tua presença|Vai me deixar feliz|Só hoje|Hoje preciso de você|Com qualquer humor|Com qualquer sorriso|Hoje só tua presença|Vai me deixar feliz, feliz|Só hoje",https://www.vagalume.com.br/jota-quest/so-hoje.html,3ade68b6g2f46fda3
37,37,Pense Em Mim,"Em vez de você ficar pensando nele|Em vez de você viver chorando por ele|Pensa em mim|Chore por mim|Liga pra mim|Não, não liga pra ele|Pra ele|Não chore por ele|Se lembre que eu há muito tempo te amo, te amo, te amo|Quero fazer você feliz|Vamos pegar o primeiro avião|Com destino a felicidade|A felicidade  pra mim é você",https://www.vagalume.com.br/leandro-leonardo/pense-em-mim.html,3ade68b6gf63ceda3
38,38,Eduardo E Mônica,"Quem um dia irá dizer que existe razão|Nas coisas feitas pelo coração? E quem irá dizer|Que não existe razão?|Eduardo abriu os olhos mas não quis se levantar|Ficou deitado e viu que horas eram|Enquanto Mônica tomava um conhaque|No outro canto da cidade|Como eles disseram|Eduardo e Mônica um dia se encontraram sem querer|E conversaram muito mesmo pra tentar se conhecer|Foi um carinha do cursinho do Eduardo que disse|- Tem uma festa legal e a gente quer se divertir|Festa estranha, com gente esquisita|- Eu não estou legal, não aguento mais birita|E a Mônica riu e quis saber um pouco mais|Sobre o boyzinho que tentava impressionar|E o Eduardo, meio tonto, só pensava em ir pra casa|- É quase duas, eu vou me ferrar|Eduardo e Mônica trocaram telefone|Depois telefonaram e decidiram se encontrar|O Eduardo sugeriu uma lanchonete|Mas a Mônica queria ver o filme do Godard|Se encontraram então no parque da cidade|A Mônica de moto e o Eduardo de camelo|O Eduardo achou estranho e melhor não comentar|Mas a menina tinha tinta no cabelo|Eduardo e Mônica eram nada parecidos|Ela era de Leão e ele tinha dezesseis|Ela fazia Medicina e falava alemão|E ele ainda nas aulinhas de inglês|Ela gostava do Bandeira e do Bauhaus|De Van Gogh e dos Mutantes|Do Caetano e de Rimbaud|E o Eduardo gostava de novela|E jogava futebol-de-botão com seu avô|Ela falava coisas sobre o Planalto Central|Também magia e meditação|E o Eduardo ainda estava|No esquema ""escola, cinema, clube, televisão""|E, mesmo com tudo diferente|Veio mesmo, de repente|Uma vontade de se ver|E os dois se encontravam todo dia|E a vontade crescia|Como tinha de ser|Eduardo e Mônica fizeram natação, fotografia|Teatro e artesanato e foram viajar|A Mônica explicava pro Eduardo|Coisas sobre o céu, a terra, a água e o ar|Ele aprendeu a beber, deixou o cabelo crescer|E decidiu trabalhar|E ela se formou no mesmo mês|Em que ele passou no vestibular|E os dois comemoraram juntos|E também brigaram juntos, muitas vezes depois|E todo mundo diz que ele completa ela e vice-versa|Que nem feijão com arroz|Construíram uma casa uns dois anos atrás|Mais ou menos quando os gêmeos vieram|Batalharam grana e seguraram legal|A barra mais pesada que tiveram|Eduardo e Mônica voltaram pra Brasília|E a nossa amizade dá saudade no verão|Só que nessas férias não vão viajar|Porque o filhinho do Eduardo|Tá de recuperação|E quem um dia irá dizer que existe razão|Nas coisas feitas pelo coração? E quem irá dizer|Que não existe razão?",https://www.vagalume.com.br/legiao-urbana/eduardo-e-monica.html,3ade68b6gbe2ceda3
39,39,Índios,"Quem me dera ao menos uma vez|Ter de volta todo o ouro que entreguei a quem|Conseguiu me convencer que era prova de amizade|Se alguém levasse embora até o que eu não tinha|Quem me dera ao menos uma vez|Esquecer que acreditei que era por brincadeira|Que se cortava sempre um pano-de-chão|De linho nobre e pura seda|Quem me dera ao menos uma vez|Explicar o que ninguém consegue entender:|O que aconteceu ainda está por vir|E o futuro não é mais como era antigamente|Quem me dera ao menos uma vez|Provar que quem tem mais do que precisa ter|Quase sempre se convence que não tem o bastante|E fala demais por não ter nada a dizer|Quem me dera ao menos uma vez|Que o mais simples fosse visto como o mais importante|Mas nos deram espelhos|E vimos um mundo doente|Quem me dera ao menos uma vez|Entender como um só deus ao mesmo tempo é três|E esse mesmo deus foi morto por vocês|Sua maldade então, deixaram deus tão triste|Eu quis o perigo e até sangrei sozinho, entenda|Assim pude trazer você de volta pra mim|Quando descobri que é sempre só você|Que me entende do inicio ao fim|E é só você que tem a cura pro meu vício|De insistir nessa saudade que eu sinto|De tudo o que eu ainda não vi|Quem me dera ao menos uma vez|Acreditar por um instante em tudo que existe|E acreditar que o mundo é perfeito|E que todas as pessoas são felizes|Quem me dera ao menos uma vez|Fazer com que o mundo saiba que seu nome|Está em tudo e mesmo assim|Ninguém lhe diz ao menos obrigado|Quem me dera ao menos uma vez|Como a mais bela tribo|Dos mais belos índios|Não ser atacado por ser inocente|Eu quis o perigo e até sangrei sozinho, entenda|Assim pude trazer você de volta pra mim|Quando descobri que é sempre só você|Que me entende do início ao fim|E é só você que tem a cura pro meu vício|De insistir nessa saudade que eu sinto|De tudo o que eu ainda não vi|Nos deram espelhos|E vimos um mundo doente|Tentei chorar e não consegui",https://www.vagalume.com.br/legiao-urbana/indios.html,3ade68b4ga596eda3
40,40,Pais e Filhos,"Estátuas e cofres|E paredes pintadas|Ninguém sabe o que aconteceu|Ela se jogou da janela do quinto andar|Nada é fácil de entender|Dorme agora|É só o vento lá fora|Quero colo|Vou fugir de casa|Posso dormir aqui|Com vocês?|Estou com medo tive um pesadelo|Só vou voltar depois das três|Meu filho vai ter|Nome de santo|Quero o nome mais bonito|É preciso amar as pessoas|Como se não houvesse amanhã|Porque se você parar pra pensar|Na verdade não há|Me diz por que é que o céu é azul|Me explica a grande fúria do mundo|São meus filhos que tomam conta de mim|Eu moro com a minha mãe|Mas meu pai vem me visitar|Eu moro na rua, não tenho ninguém|Eu moro em qualquer lugar|Já morei em tanta casa que nem me lembro mais|Eu moro com meus pais|É preciso amar as pessoas|Como se não houvesse amanhã|Porque se você parar pra pensar|Na verdade não há|Sou uma gota d'água|Sou um grão de areia|Você me diz que seus pais não entendem|Mas você não entende seus pais|Você culpa seus pais por tudo|Isso é absurdo|São crianças como você|O que você vai ser|Quando você crescer",https://www.vagalume.com.br/legiao-urbana/pais-e-filhos.html,3ade68b6ged2ceda3
41,41,Quase Sem Querer,Tenho andado distraído|Impaciente e indeciso|E ainda estou confuso|Só que agora é diferente|Estou tão tranquilo e tão contente|Quantas chances desperdicei|Quando o que eu mais queria|Era provar pra todo o mundo|Que eu não precisava provar nada pra ninguém|Me fiz em mil pedaços|Pra você juntar|E queria sempre achar|Explicação pro que eu sentia|Como um anjo caído|Fiz questão de esquecer|Que mentir pra si mesmo|É sempre a pior mentira|Mas não sou mais tão criança|A ponto de saber tudo|Já não me preocupo se eu não sei por quê|Às vezes o que eu vejo quase ninguém vê|E eu sei que você sabe quase sem querer|Que eu vejo o mesmo que você|Tão correto e tão bonito|O infinito é realmente|Um dos deuses mais lindos|Sei que às vezes uso|Palavras repetidas|Mas quais são as palavras|Que nunca são ditas?|Me disseram que você|Estava chorando|E foi então que percebi|Como lhe quero tanto|Já não me preocupo se eu não sei porquê|Às vezes o que eu vejo quase ninguém vê|E eu sei que você sabe quase sem querer|Que eu quero o mesmo que você,https://www.vagalume.com.br/legiao-urbana/quase-sem-querer.html,3ade68b6g6e32fda3
42,42,Que País é Esse?,"Nas favelas, no Senado|Sujeira pra todo lado|Ninguém respeita a Constituição|Mas todos acreditam no futuro da nação|Que país é esse?|Que país é esse?|Que país é esse?|No Amazonas, no Araguaia|Na Baixada Fluminense|Mato Grosso, Minas Gerais|E no Nordeste tudo em paz|Na morte eu descanso|Mas o sangue anda solto|Manchando os papéis, documentos fiéis|Ao descanso do patrão|Que país é esse?|Que país é esse?|Que país é esse?|Que país é esse?|Terceiro Mundo se for piada no exterior|Mas o Brasil vai ficar rico|Vamos faturar um milhão|Quando vendermos todas as almas|Dos nossos índios num leilão|Que país é esse?|Que país é esse?|Que país é esse?|Que país é esse?",https://www.vagalume.com.br/legiao-urbana/que-pais-e-esse.html,3ade68b7gea2e3ea3
43,43,Será,"Tire suas mãos de mim|Eu não pertenço a você|Não é me dominando assim|Que você vai me entender|Eu posso estar sozinho,|Mas eu sei muito bem aonde estou|Você pode até duvidar|Acho que isso não é amor|Será só imaginação?|Será que nada vai acontecer?|Será que é tudo isso em vão?|Será que vamos conseguir vencer?|Nos perderemos entre monstros|Da nossa própria criação|Serão noites inteiras|Talvez por medo da escuridão|Ficaremos acordados|Imaginando alguma solução|Pra que esse nosso egoísmo|Não destrua nosso coração|Será só imaginação?|Será que nada vai acontecer?|Será que é tudo isso em vão?|Será que vamos conseguir vencer?|Brigar pra quê se é sem querer?|Quem é que vai nos proteger?|Será que vamos ter que responder|Pelos erros a mais, eu e você?",https://www.vagalume.com.br/legiao-urbana/serasem-cifra.html,3ade68b7g911e4ea3
44,44,Tempo Perdido,"Todos os dias quando acordo|Não tenho mais o tempo que passou|Mas tenho muito tempo|Temos todo o tempo do mundo|Todos os dias antes de dormir|Lembro e esqueço como foi o dia|Sempre em frente|Não temos tempo a perder|Nosso suor sagrado|É bem mais belo que esse sangue amargo|E tão sério e selvagem|Selvagem, selvagem|Veja o sol dessa manhã tão cinza|A tempestade que chega é da cor dos teus olhos|Castanhos|Então me abraça forte|Me diz mais uma vez que já estamos|Distantes de tudo|Temos nosso próprio tempo|Temos nosso próprio tempo|Temos nosso próprio tempo|Não tenho medo do escuro|Mas deixe as luzes acesas agora|O que foi escondido é o que se escondeu|E o que foi prometido, ninguém prometeu|Nem foi tempo perdido|Somos tão jovens|Tão jovens, tão jovens",https://www.vagalume.com.br/legiao-urbana/tempo-perdido.html,3ade68b6gfd2ceda3
45,45,Anna Julia,"Quem te ver passar assim por mim não sabe o que é sofrer|Ter que ver você assim sempre tão linda|Contemplar o sol do teu olhar, perder você no ar|Na certeza de um amor|Me achar um nada|Pois, sem ter teu carinho eu me sinto sozinho|Eu me afogo em solidão|Oh, Anna Julia|Oh, Anna Julia|Nunca acreditei na ilusão de ter você pra mim|Me atormenta a previsão do nosso destino|Eu passando o dia a te esperar, você sem me notar|Quando tudo tiver fim, você vai estar com um cara|Um alguém sem carinho|Será sempre um espinho dentro do meu coração|Oh, Anna Julia|Oh, Anna Julia|Sei que você já não quer o meu amor|Sei que você já não gosta de mim|Eu sei que eu não sou quem você sempre sonhou|Mas vou reconquistar o seu amor todo pra mim|Oh Anna Julia|Oh Anna Julia|Oh Anna Julia|Oh Anna Julia,Julia,Julia ou, ou, ou",https://www.vagalume.com.br/los-hermanos/anna-julia.html,3ade68b6g901beda3
46,46,Asa Branca,"Quando olhei a terra ardendo|Qual fogueira de São João|Eu preguntei a Deus do céu, ai|Por que tamanha judiação|Eu perguntei a Deus do céu, ai|Por que tamanha judiação|Que braseiro, que fornalha|Nem um pé de plantação|Por falta d'água perdi meu gado|Morreu de sede meu alazão|Por falta d'água perdi meu gado|Morreu de sede meu alazão|Até mesmo a asa branca|Bateu asas do sertão|Entonce eu disse, adeus Rosinha|Guarda contigo meu coração|Entonce eu disse, adeus Rosinha|Guarda contigo meu coração|Hoje longe, muitas léguas|Numa triste solidão|Espero a chuva cair de novo|Pra mim voltar pro meu sertão|Espero a chuva cair de novo|Pra mim voltar pro meu sertão|Quando o verde dos teus olhos|Se espalhar na plantação|Eu te asseguro não chore não, viu|Que eu voltarei, viu|Meu coração|Eu te asseguro não chore não, viu|Que eu voltarei, viu|Meu coração",https://www.vagalume.com.br/luiz-gonzaga/asa-branca.html,3ade68b6g5542fda3
47,47,Toda Forma De Amor,"Eu não pedi pra nascer|Eu não nasci pra perder|Nem vou sobrar de vítima das circunstâncias|Eu tô plugado na vida|Eu tô curando a ferida|Às vezes eu me sinto uma mola encolhida|Você é bem como eu|Conhece o que é ser assim|Só que dessa história ninguém sabe o fim|Você não leva pra casa|E só traz o que quer|Eu sou teu homem, você é minha mulher|E a gente vive junto|E a gente se dá bem|Não desejamos mal a quase ninguém|E a gente vai à luta|E conhece a dor|Consideramos justa toda forma de amor",https://www.vagalume.com.br/lulu-santos/toda-forma-de-amor.html,3ade68b4g7696eda3
48,48,Desabafo,"[Introdução]|Deixa,deixa,deixa|Eu dizer o que penso dessa vida|Preciso demais desabafar|[D2]|Segura!!!|[Introdução]|Deixa, deixa, deixa|Eu dizer o que penso dessa vida|Preciso demais desabafar|Eu já falei que tenho algo a dizer, e disse|Que falador passa mal, e você me disse|Que cada um vai colher o que plantou|Porque raiz sem alma, como o Flip falou, é triste|A minha busca é na batida perfeita|Sei que nem tudo tá certo, mas com calma se ajeita|Por um mundo melhor eu mantenho minha fé|Menos desigualdade, menos tiro no pé|Andam dizendo que o bem vence o mal|Por aqui vou torcendo pra chegar no final|É, quanto mais fé, mais religião|A mão que mata, reza, reza ou mata em vão|Me contam coisas como se fossem corpos,|Ou realmente são corpos todas aquelas coisas?|Deixa pra lá eu devo ta viajando|Enquanto eu falo besteira nego vai se matando|Então|[refrão]|Deixa, deixa, deixa|Eu dizer o que penso dessa vida|Preciso demais desabafar|Deixa, deixa, deixa|Eu dizer o que penso dessa vida|Preciso demais desabafar|Ok, então vamos lá, diz|Tu quer a paz, eu quero também,|Mas o estado não tem direito de matar ninguém|Aqui não tem pena morte mas segue o pensamento|O desejo de matar de um Capitão Nascimento|Que sem treinamento se mostra incompetente|O cidadão por outro lado se diz impotente, mas|A impotência não é uma escolha também|De assumir a própria responsabilidade|Hein??|Que você tem em mente? Se é que tem algo em mente|Porque a bala vai acabar ricocheteando na gente|Grandes planos, paparazzo demais|O que vale é o que você tem, e não o que você faz|Celebridade é artista, artista que não faz arte|Lava mão como Pilatos achando que já fez sua parte|Deixa pra lá, eu continuo viajando|Enquanto eu falo besteira nego vai, vai|Então, deixa...|[refrão]|Deixa, deixa, deixa|Eu dizer o que penso dessa vida|Preciso demais desabafar|Deixa, deixa, deixa|Eu dizer o que penso dessa vida|Preciso demais desabafar",https://www.vagalume.com.br/marcelo-d2/desabafo.html,3ade68b8g438b7fa3
49,49,Infiel,"Isso não é uma disputa|eu não quero te provocar|Descobri faz um ano e tô te procurando pra dizer|Hoje a farsa vai acabar|Hoje não tem hora de ir embora|Hoje ele vai ficar|No momento deve estar feliz|E achando que ganhou|Não perdi nada, acabei de me livrar|Com certeza ele vai atrás|Mas com outra intenção|Tá sem casa, sem rumo|E você é a única opção|E agora será que aguenta|A barra sozinha|Se sabia de tudo|Se vira a culpa não é minha|O seu prêmio que não vale nada|Estou te entregando|Pus as malas lá fora e ele ainda saiu chorando|Essa competição por amor só serviu pra me machucar|Tá na sua mão|Você agora vai cuidar, de um traidor|Me faça esse favor|Iêê|Infiel|Eu quero ver você morar num motel|Estou te expulsando do meu coração|Assuma as consequências dessa traição|Iêêê|Infiel|Agora ela vai fazer o meu papel|Daqui um tempo você vai se acostumar|E ai vai ser a ela quem vai enganar|Você não vai mudar|aaaa|O seu prêmio que não vale nada|Estou te entregando|Pus as malas lá fora e ele ainda saiu chorando|Essa competição por amor só serviu pra me machucar|Tá na sua mão|Você agora vai cuidar, de um traidor|Me faça esse favor|Iêê|Infiel|Eu quero ver você morar num motel|Estou te expulsando do meu coração|Assuma as consequências dessa traição|Iêêê|Infiel|Agora ela vai fazer o meu papel|Daqui um tempo você vai se acostumar|E ai vai ser a ela quem vai enganar",https://www.vagalume.com.br/marilia-mendonca/infiel.html,3ade68b8g686780b3
50,50,Quero Ser Feliz Também,"Cresça, independente do que aconteça|Eu não quero que você  esqueça|Que eu gosto muito de você.|Chego, e sinto o gosto do teu beijo|É muito mais do que desejo|E da vontade de ficar, teu olhar|É forte como a água do mar|Vem me dar, novo sentido para viver encantar à noite|Quero ser feliz também, navegar nas águas do teu mar|Desejar para tudo que vem flores brancas, paz e Iemanjá|Cresça, independente do que aconteça|Eu não quero que você esqueça|Que eu gosto muito de você|Chego, e sinto o gosto do teu beijo|É muito mais do que desejo|E da vontade de ficar, seu olhar|É forte como a água do mar|Vem me dar, novo sentido para viver encantar à noite|Quero ser feliz também, navegar nas águas do teu mar|Desejar para tudo que vem flores brancas, paz e Iemanjá  (2x)",https://www.vagalume.com.br/natiruts/quero-ser-feliz-tambem.html,3ade68b7g0eac4ea3
51,51,Aonde Quer Que Eu Vá,Olhos fechados|Pra te encontrar|Não estou ao seu lado|Mas posso sonhar|Aonde quer que eu vá|Levo você no olhar|Aonde quer que eu vá|Aonde quer que eu vá|Não sei bem certo|Se é só ilusão|Se é você já perto|Se é intuição|Aonde quer que eu vá|Levo você no olhar|Aonde quer que eu vá|Aonde quer que eu vá|Longe daqui|Longe de tudo|Meus sonhos vão te buscar|Volta pra mim|Vem pro meu mundo|Eu sempre vou te esperar|Não sei bem certo|Se é só ilusão|Se é você já perto|Se é intuição|Aonde quer que eu vá|Levo você no olhar|Aonde quer que eu vá|Aonde quer que eu vá|CHORUS|Longe daqui|Longe de tudo|Meus sonhos vão te buscar|Volta pra mim|Vem pro meu mundo|Eu sempre vou te esperar,https://www.vagalume.com.br/paralamas-do-sucesso/aonde-quer-que-eu-va.html,3ade68b6ge11eeda3
52,52,Meu Erro,"Eu quis dizer|Você não quis escutar|Agora não peça|Não me faça promessas|Eu não quero te ver|Nem quero acreditar|Que vai ser diferente|Que tudo mudou|Você diz não saber|O que houve de errado|E o meu erro foi crer que estar ao seu lado, bastaria|Ah meu Deus era tudo o que eu queria|Eu dizia o seu nome|Não, me abandone|Mesmo querendo eu não vou me enganar|Eu conheço os seus passos|Eu vejo os seus erros|Não há nada de novo|Ainda somos iguais|Então não me chame|Não olhe pra trás|Você diz não saber|O que houve de errado|E o meu erro foi crer que estar ao seu lado, bastaria|Ah meu Deus era tudo o que eu queria|Eu dizia o seu nome|Não, me abandone jamais|Mesmo querendo eu não vou me enganar|Eu conheço os seus passos|Eu vejo os seus erros|Não há nada de novo|Ainda somos iguais|Então não me chame|Não olhe pra trás|Você diz não saber|O que houve de errado|E o meu erro foi crer que estar ao seu lado, bastaria|Ah meu Deus era tudo o que eu queria|Eu dizia o seu nome|Não, me abandone jamais|Não, me abandone jamais|Não, me abandone jamais|Ooh, não me abandone jamais ...",https://www.vagalume.com.br/paralamas-do-sucesso/meu-erro-letras.html,3ade68b7gf7055ea3
53,53,Cheia de Manias,"Cheia de manias|Toda dengosa|Menina bonita|Sabe que é gostosa|Com esse seu jeito|Faz o que quer de mim|Domina o meu coração|Eu fico sem saber o que fazer|Quero te deixar|Você não quer, não quer|Então me ajude a segurar|Essa barra que é gostar de você|Então me ajude a segurar|Essa barra que é gostar de você, êh|Didididiê|Didididiê ê ê|Didididiê|Se estou na sua casa quero ir pro cinema|Você não gosta|Um motelzinho você fecha a porta|Então me ajude a segurar|Essa barra que é gostar de você|Então me ajude a segurar|Essa barra que é gostar de você, êh|Didididiê|Didididiê ê ê|Didididiê",https://www.vagalume.com.br/raca-negra/cheia-de-manias.html,3ade68b6g3429fda3
54,54,Metamorfose Ambulante,Eu prefiro ser|Essa metamorfose ambulante|Eu prefiro ser|Essa metamorfose ambulante|Do que ter aquela velha opinião formada sobre tudo|Do que ter aquela velha opinião formada sobre tudo|Eu quero dizer|Agora o oposto do que eu disse antes|Eu prefiro ser|Essa metamorfose ambulante|Do que ter aquela velha opinião formada sobre tudo|Do que ter aquela velha opinião formada sobre tudo|Sobre o que é o amor|Sobre o que eu nem sei quem sou|Se hoje eu sou estrela|Amanhã já se apagou|Se hoje eu te odeio|Amanhã lhe tenho amor|Lhe tenho amor|Lhe tenho horror|Lhe faço amor|Eu sou um ator|É chato chegar|A um objetivo num instante|Eu quero viver|Nessa metamorfose ambulante|Do que ter aquela velha opinião formada sobre tudo|Do que ter aquela velha opinião formada sobre tudo|Sobre o que é o amor|Sobre o que eu nem sei quem sou|Se hoje eu sou estrela|Amanhã já se apagou|Se hoje eu te odeio|Amanhã lhe tenho amor|Lhe tenho amor|Lhe tenho horror|Lhe faço amor|Eu sou um ator|Eu vou desdizer|Aquilo tudo que eu lhe disse antes|Eu prefiro ser|Essa metamorfose ambulante|Do que ter aquela velha opinião formada sobre tudo|Do que ter aquela velha opinião formada sobre tudo|Do que ter aquela velha opinião formada sobre tudo|Do que ter aquela velha velha velha velha velha|Opinião formada sobre tudo|Do que ter aquela velha opinião formada sobre tudo,https://www.vagalume.com.br/raul-seixas/metamorfose-albulante.html,3ade68b6g8392fda3
55,55,Agora Só Falta Você,"Um belo dia resolvi mudar|E fazer tudo o que eu queria fazer|Me libertei daquela vida vulgar|Que eu levava estando junto a você|E em tudo que eu faço|Existe um porquê|Eu sei que eu nasci|Eu sei que eu nasci pra saber|E fui andando sem pensar em voltar|E sem ligar pro que me aconteceu|Um belo dia vou lhe telefonar|Pra lhe dizer que aquele sonho cresceu|No ar que eu respiro, uu|Eu sinto prazer|De ser quem eu sou|De estar onde estou|Agora só falta você, iê, iê|Agora só falta você, aaa...|Agora só falta você, iê, iê|Agora só falta você, au!|E fui andando sem pensar em voltar|E sem ligar pro que me aconteceu|Um belo dia vou lhe telefonar|Pra lhe dizer que aquele sonho cresceu|No ar que eu respiro, uu|Eu sinto prazer|De ser quem eu sou|De estar onde estou|Agora só falta você, iê, iê|Agora só falta você, aaa...|Agora só falta você, iê, iê",https://www.vagalume.com.br/rita-lee/agora-so-falta-voce.html,3ade68b6gae92fda3
56,56,Ovelha Negra,"Levava uma vida sossegada|Gostava de sombra|E água fresca|Meu Deus!|Quanto tempo eu passei|Sem saber!|Uh! Uh!...|Foi quando meu pai|Me disse:|""Filha, você é a Ovelha Negra|Da família""|Agora é hora de você assumir|Uh! Uh! E sumir!...|Baby Baby|Não adianta chamar|Quando alguém está perdido|Procurando se encontrar|Baby Baby|Não vale a pena esperar|Oh! Não!|Tire isso da cabeça|Ponha o resto no lugar|Ah! Ah! Ah! Ah!|Tchu! Tchu! Tchu! Tchu!|Não!|Oh! Oh! Ah!|Tchu! Tchu! Ah! Ah!...|Levava uma vida sossegada|Gostava de sombra|E água fresca|Meu Deus!|Quanto tempo eu passei|Sem saber!|Han!! Han!...|Foi quando meu pai|Me disse:|""Filha, você é a Ovelha Negra|Da família""|Agora é hora de você assumir|Uh! Uh! E sumir!...|Baby Baby|Não adianta chamar|Quando alguém está perdido|Procurando se encontrar|Baby Baby|Não vale a pena esperar|Oh! Não!|Tire isso da cabeça|Ponha o resto no lugar|Ah! Ah! Ah! Ah!|Tchu! Tchu! Tchu! Tchu!|Não!|(Ovelha Negra da Família!)|Tchu! Tchu! Tchu!|Não! Vai sumir!...",https://www.vagalume.com.br/rita-lee/ovelha-negra.html,3ade68b6gff92fda3
57,57,Whisky a Go-Go,"Foi numa festa, gelo e cuba-libre|E, na vitrola, ""Whisky a Go-Go""|À meia luz, o som do Johnny Rivers|Aquele tempo que você sonhou|Senti na pele a tua energia|Quando peguei de leve a tua mão|A noite inteira passa num segundo|O tempo voa mais do que a canção|Quase no fim da festa|Num beijo, então, você se rendeu|Na minha fantasia|O mundo era você e eu|Eu perguntava ""Do You Wanna Dance""?|E te abraçava ""Do You Wanna Dance""?|Lembrar você|Um sonho a mais não faz mal|Eu perguntava ""Do You Wanna Dance""?|E te abraçava ""Do You Wanna Dance""?|Lembrar você|Um sonho a mais não faz mal|Foi numa festa, gelo e cuba-libre|E, na vitrola, ""Whisky a Go-Go""|À meia luz, o som do Johnny Rivers|Aquele tempo que você sonhou|Senti na pele a tua energia|Quando peguei de leve a tua mão|A noite inteira passa num segundo|O tempo voa mais do que a canção|Quase no fim da festa|Num beijo, então, você se rendeu|Na minha fantasia|O mundo era você e eu|Eu perguntava ""Do You Wanna Dance""?|E te abraçava ""Do You Wanna Dance""?|Lembrar você|Um sonho a mais não faz mal|Eu perguntava ""Do You Wanna Dance""?|E te abraçava ""Do You Wanna Dance""?|Lembrar você|Um sonho a mais não faz mal|Hey, hey (Hey, hey)|Hey, hey, hey (Hey, hey, hey)|Hey (Hey)|Ho (Ho)|Hey (Hey)|Ho (Ho)|Hey (Hey)|Ho (Ho)|Eu perguntava ""Do You Wanna Dance""?|E te abraçava ""Do You Wanna Dance""?|Lembrar você|Um sonho a mais não faz mal|Eu perguntava ""Do You Wanna Dance""?|E te abraçava ""Do You Wanna Dance""?|Lembrar você|Um sonho a mais não faz mal|Lembrar você|Um sonho a mais não faz mal|Lembrar você|Um sonho a mais não faz mal",https://www.vagalume.com.br/roupa-nova/whisky-a-go-go.html,3ade68b6gab76fda3
58,58,Amiga da Minha Mulher,"Ela é amiga da minha mulher|Pois é, pois é|Mas vive dando em cima de mim|Enfim, enfim|Ainda por cima, é uma tremenda gata|Pra piorar a minha situação|Se fosse mulher feia, tava tudo certo|Mulher bonita mexe com meu coração|Se fosse mulher feia, tava tudo certo|Mulher bonita mexe com meu coração|Não pego, eu pego|Não pego, eu pego|Não pego, não|(Não pego, eu pego)|(Não pego, eu pego)|(Não pego, não)|Minha mulher me perguntou até: ""Qual é, qual é?""|Eu respondi que não tô nem aí, menti, menti|De vez em quando, eu fico admirando:|""É muita areia pro meu caminhão""|Se fosse mulher feia, tava tudo certo|Mulher bonita mexe com meu coração|Se fosse mulher feia, tava tudo certo|Mulher bonita mexe com meu coração|Não pego, eu pego|Não pego, eu pego|Não pego, não|(Não pego, eu pego)|(Não pego, eu pego)|(Não pego, não)|O meu cunhado já me avisou|Que, se eu der mole, ele vai me entregar|A minha sogra me orientou:|""Isso não tá certo, é melhor parar""|Falei, ela não quis ouvir|Pedi, ela não respeitou|Eu juro, a carne é fraca|Mas nunca rolou|(Falei, ela não quis ouvir) Não quis ouvir|(Pedi, ela não respeitou)|(Eu juro, a carne é fraca)|(Mas nunca rolou)|Ela é amiga da minha mulher|Pois é, pois é|Mas vive dando em cima de mim|Enfim, enfim|Ainda por cima, é uma tremenda gata|Pra piorar a minha situação|Se fosse mulher feia, tava tudo certo|Mulher bonita mexe com meu coração|Se fosse mulher feia, tava tudo certo|Mulher bonita mexe com meu coração|Não pego, eu pego|Não pego, eu pego|Não pego, não, não, não|(Não pego, eu pego)|(Não pego, eu pego)|(Não pego, não)|Minha mulher me perguntou até: ""Qual é, qual é?""|Eu respondi que não tô nem aí, menti, menti|De vez em quando, eu fico admirando:|""É muita areia pro meu caminhão""|Se fosse mulher feia, tava tudo certo|Mulher bonita mexe com meu coração|Se fosse mulher feia, tava tudo certo|Mulher bonita mexe com meu coração|Não pego, eu pego|Não pego, eu pego|Não pego, não, não, não|(Não pego, eu pego)|(Não pego, eu pego)|(Não pego, não)|O meu cunhado já me avisou|Que, se eu der mole, ele vai me entregar|A minha sogra me orientou:|""Isso não tá certo, é melhor parar""|Falei, ela não quis ouvir|Pedi, ela não respeitou|Eu juro, a carne é fraca|Mas nunca rolou|(Falei, ela não quis ouvir) Não quis ouvir|(Pedi, ela não respeitou)|(Eu juro, a carne é fraca)|(Mas nunca rolou) Não, não, não|Não pego, eu pego|Não pego, eu pego|Não pego, não, não, não|(Não pego, eu pego)|(Não pego, eu pego)|(Não pego, não) Não, não|Não pego, eu pego|Não pego, eu pego|Não pego, não, não, não|(Não pego, eu pego)|(Não pego, eu pego)|(Não pego, não) Não, não, não, não|Não pego, eu pego|Não pego, eu pego|Não pego, não, não, não|(Não pego, eu pego)|(Não pego, eu pego)|(Não pego, não) Não, não, não, não|Não pego, eu pego|Não pego, eu pego|Não pego, não, não, não|(Não pego, eu pego)|(Não pego, eu pego)|(Não pego, não)",https://www.vagalume.com.br/seu-jorge/amiga-da-minha-mulher.html,3ade68b8g8f40efa3
59,59,Burguesinha,"Vai no cabeleireiro|No esteticista|Malha o dia inteiro|Vida de artista|Saca dinheiro|Vai de motorista|Com seu carro esporte|Vai zoar na pista|Final de semana|Na casa de praia|Só gastando grana|Na maior gandaia|Vai pra balada|Dança bate estaca|Com a sua tribo|Até de madrugada|Burguesinha, burguesinha, burguesinha, burguesinha, burguesinha|Só no filé|Burguesinha, burguesinha, burguesinha, burguesinha,  burguesinha|Tem o que quer|Burguesinha, burguesinha, burguesinha, burguesinha,  burguesinha|No croissant|Burguesinha, burguesinha, burguesinha, burguesinha,  burguesinha|Suquinho de maçã|Burguesinha, burguesinha, burguesinha, burguesinha",https://www.vagalume.com.br/seu-jorge/burguesinha.html,3ade68b8g59e62fa3
60,60,Mina do Condomínio,"Tô namorando aquela mina|Mas não sei se ela me namora|Mina maneira do condomínio|Lá do bairro onde eu moro(BIS)|Seu cabelo me alucina|Sua boca me devora|Sua voz me ilumina|Seu olhar me apavora|Me perdi no seu sorriso|Nem preciso me encontrar|Não me mostre o paraíso|Que se eu for, não vou voltar|Pois eu vou|Eu digo ""oi"" ela nem nada|Passa na minha calçada|Dou bom dia ela nem liga|Se ela chega eu paro tudo|Se ela passa eu fico todo|Se vem vindo eu faço figa|eu mando um beijo ela não pega|pisco olho ela se nega|Faço pose ela não vê|Jogo charme ela ignora|Chego junto ela sai fora|Eu escrevo ela não lê|Minha mina|Minha amiga|Minha namorada|Minha gata|Minha sina|Do meu condomínio|Minha musa|Minha vida|Minha Monalisa|Minha Vênus|Minha deusa|Quero seu fascínio(BIS)",https://www.vagalume.com.br/seu-jorge/mina-do-condominio.html,3ade68b8g89e62fa3
61,61,That's My Way,"Pelo chão pelo amor pelo sangue pela cor|Fidelidade lealdade em nome do senhor|A minha amada a minha família|E ao nove de julho|Que me mostrou a importância de eu tá no bagulho|A gente atira no escuro|Não escuta ninguém|Não adianta o sermão e a tempestade que vem|Não sei se tem alguma coisa a ver com o destino|Mas o problema são bó desde pequeninho|O rap é hino pra mim|Já estava escrito neguin|Um baianinho assim|Que anda perto do fim|Sim|A nossa escola sempre é cara|O tempo é rei|Disso eu sei|O relógio não para|Cara ferida sara mais na alma não tem cura|Na sua arrogância ou na sua humildade pura|Se segura o que te ofereço é muito bom|É força e poder dom através do som|Eu digo, cada degrau a gente aprende a sofrer|Viver, morrer, sorrir e a chorar|Chorar pelo passado|Pagar pelos pecados|Contando cada sombra no seu sonho atormentado|Acorrentado sei lá|Drogado se pá|Enfraquecido injustiçado se afogando no mar|Eu to lá|Lado a lado com fé no coração|Nem que pra isso eu amanheça dormindo no chão (mermão)|That's my way and I go|Esse é meu caminho nele eu vou|Eu gosto de pensar que a luz do sol|Vai iluminar o meu amanhecer|Mas se na manhã o sol não surgir|Por traz das nuvens cinza tudo vai mudar|A chuva abraçará e o tempo vai abrir|A luz de um novo dia sempre vai estar|Pra clarear você|Pra iluminar você|Pra proteger|Pra inspirar|E alimentar você|Pra clarear você|Pra iluminar você|Pra proteger|Pra inspirar|E alimentar você|Revolução se aproxima se prepare|Pegue suas armas marche apache é nunca pare|Encare a guerra de frente mesmo sendo ruim|Somos soldados e sobreviventes sempre até o fim|Olhe pra mim e veja o quanto eu andei|Envelheci es me aqui nunca abandonei|Não quero seu um rei|Não quero ser um zé|Só quero minha moeda|E minha de fé|Axé comigo|Na fé bandido|O gueto sempre tem na frente o inimigo|A policia é racista mais do que ninguém|A favela entre o céu inferno jerusalém|Lamenta, aguenta enfrenta a batalha|Violenta é a vida no fio da navalha|A falha mundial espiritual um fuzil|É um texto dantesco de shakespeare tio|Você já viu sangue pobreza demais|Qual o valor verdadeiro pra se encontrar a paz?|Será que é fugir?|Será que é se esconder?|Ou será que é lutar, trabalhar e depois morrer?|Pode crê|Veja você|Vários de elite|Na disposição|Situação e no apetite acredite|Que você pode chegar|No fim do arco íris|E um pote de ouro encontrar|That's my way and I go|Esse é meu caminho nele eu vou|Eu gosto de pensar que a luz do sol|Vai iluminar o meu amanhecer|Mas se na manhã o sol não surgir|Por traz das nuvens cinza tudo vai mudar|A chuva abraçará e o tempo vai abrir|A luz de um novo dia sempre vai estar|Pra clarear você|Pra iluminar você|Pra proteger|Pra inspirar|E alimentar você|Pra clarear você|Pra iluminar você|Pra proteger|Pra inspirar|E alimentar você|Pra clarear você|Pra iluminar você|Pra proteger|Pra inspirar|E alimentar você|Pra clarear você|Pra iluminar você|Pra proteger|Pra inspirar|E alimentar você",https://www.vagalume.com.br/seu-jorge/thats-my-way.html,3ade68b8gc3d900b3
62,62,Dois Rios,"O céu está no chão|O céu não cai do alto|É o claro, é a escuridão|O céu que toca o chão|E o céu que vai no alto|Dois lados deram as mãos|Como eu fiz também|Só pra poder conhecer|O que a voz da vida vem dizer|Que os braços sentem|E os olhos veem|Que os lábios sejam|Dois rios inteiros|Sem direção|O sol é o pé e a mão|O sol é a mãe e o pai|Dissolve a escuridão|O sol se põe se vai|E após se pôr|O sol renasce no Japão|Eu vi também|Só pra poder entender|Na voz da vida ouvi dizer|Que os braços sentem|E os olhos veem|E os lábios beijam|Dois rios inteiros|Sem direção|E o meu lugar é esse|Ao lado seu, no corpo inteiro|Dou o meu lugar pois o seu lugar|É o meu amor primeiro|O dia e a noite as quatro estações|O céu está no chão|O céu não cai do alto|É o claro, é a escuridão|O céu que toca o chão|E o céu que vai no alto|Dois lados deram as mãos|Como eu fiz também|Só pra poder conhecer|O que a voz da vida vem dizer|Que os braços sentem|E os olhos veem|Que os lábios sejam|Dois rios inteiros|Sem direção|E o meu lugar é esse|Ao lado seu, no corpo inteiro|Dou o meu lugar pois o seu lugar|É o meu amor primeiro|O dia e a noite as quatro estações|Que os braços sentem|E os olhos veem|Que os lábios sejam|Dois rios inteiros|Sem direção",https://www.vagalume.com.br/skank/dois-rios.html,3ade68b6ge0b8fda3
63,63,Sutilmente,E quando eu estiver triste|Simplesmente me abrace|E quando eu estiver louco|Subitamente se afaste|E quando eu estiver fogo|Suavemente se encaixe|Ah ahn|E quando eu estiver triste|Simplesmente me abrace|E quando eu estiver louco|Subitamente se afaste|E quando eu estiver bobo|Sutilmente disfarce...é|Mas quando eu estiver morto|Suplico que não me mate (não)|Dentro de ti|Dentro de ti|Mesmo que o mundo acabe enfim|Dentro de tudo que cabe em ti|Mesmo que o mundo acabe enfim|Dentro de tudo que cabe em ti|E quando eu estiver triste|Simplesmente me abrace|E quando eu estiver louco|Subitamente se afaste|E quando eu estiver bobo|Sutilmente disfarce...é|Mas quando eu estiver morto|Suplico que não me mate (não)|Dentro de ti|Dentro de ti|Mesmo que o mundo acabe enfim|Dentro de tudo que cabe em ti|Mesmo que o mundo acabe enfim|Dentro de tudo que cabe em ti|Ah ahn|Mesmo que o mundo acabe enfim|Dentro de tudo que cabe em ti|Mesmo que o mundo acabe enfim|Dentro de tudo que cabe em ti,https://www.vagalume.com.br/skank/sutilmente.html,3ade68b8g02d28fa3
64,64,Vamos Fugir,"Vamos fugir|Deste lugar, baby|Vamos fugir|Tô cansado de esperar|Que você me carregue.|Vamos fugir|Pro outro lugar, baby|Vamos fugir|Pra onde quer que você vá|Que você me carregue|[Refrão]|Pois diga que irá|Irá já, Irajá|Pra onde eu só veja você,|Você veja-me só|Marajó, Marajó|Qualquer outro lugar comum, outro lugar qualquer|Guaporé, Guaporé.|Qualquer outro lugar ao sol, outro lugar ao sul.|Céu azul, céu azul.|Onde haja só meu corpo nu|Junto ao seu corpo nu|Vamos fugir|Pra outro lugar, baby.|Vamos fugir|Pra onde haja um tobogã,|Onde a gente escorregue|Vamos fugir|Deste lugar, baby.|Vamos fugir|Tô cansado de esperar|Que você me carregue.|Pois diga que irá|Irajá, Irajá|Pra onde eu só veja você,|Você veja-me só|Marajó, Marajó|Qualquer outro lugar comum, outro lugar qualquer|Guaporé, Guaporé.|Qualquer outro lugar ao sol, outro lugar ao sul.|Céu azul, céu azul.|Onde haja só meu corpo nu|Junto ao seu corpo nu|Vamos fugir|Pra outro lugar, baby.|Vamos fugir|Pra onde haja um tobogã,|Onde a gente escorregue|Todo dia de manhã|Flores que a gente regue|Uma banda de maçã|Outra banda de Reggae|Tô cansado de esperar|Que você me carregue.|Todo dia de manhã|Flores que a gente Regue|Uma banda de maçã|Outra banda de Reggae",https://www.vagalume.com.br/skank/vamos-fugir.html,3ade68b7g3be34ea3
65,65,Vou Deixar,"Vou deixar|A vida me levar|Pra onde ela quiser|Estou no meu lugar|Você já sabe onde é é é|Não conte o tempo por nós dois|Pois, a qualquer hora posso estar de volta|Depois que a noite terminar|Vou deixar|A vida me levar|Pra onde ela quiser|Seguir a direção|De uma estrela qualquer|Não quero hora pra voltar, não|Conheço bem a solidão, me solta|E deixa a sorte me buscar|Eu já estou na sua estrada|Sozinho não enxergo nada|Mas vou ficar aqui|Até que o dia amanheça a|Vou me esquecer de mim|E você, se puder, não me esqueça!|Vou deixar|O coração bater|Na madrugada sem fim|Deixar o sol te ver|Ajoelhada por mim, sim|Não tenho hora pra voltar, não|Eu agradeço tanto a sua escolta|Mas deixa a noite terminar|Eu já estou na sua estrada|Sozinho não enxergo nada|Mas vou ficar aqui|Até que o dia amanheça a|Vou me esquecer de mim|E você, se puder, não me esqueça!|Não, não, não quero hora pra voltar, não|Conheço bem a solidão, me solta|E deixa a sorte me buscar|Não, não, não tenho hora pra voltar, não|Eu agradeço tanto a sua escolta|Mas deixa a noite terminar!",https://www.vagalume.com.br/skank/vou-deixar.html,3ade68b7g7c111ea3
66,66,Azul Da Cor Do Mar,Ah! Se o mundo inteiro me pudesse ouvir|Tenho muito pra contar|Dizer que aprendi||E na vida a gente tem que entender|Que um nasce pra sofrer|Enquanto o outro ri|Mas quem sofre sempre tem que procurar|Pelo menos vir a achar|Razão para viver|Ver na vida  algum motivo pra sonhar|Ter um sonho todo azul|Azul da cor do mar,https://www.vagalume.com.br/tim-maia/azul-da-cor-do-mar.html,3ade68b6g8cb2fda3
67,67,Gostava Tanto de Você,"Não sei porque você se foi|Quantas saudades eu senti|E de tristezas vou viver|E aquele adeus não pude dar...|Você marcou em minha vida|Viveu, morreu|Na minha história|Chego a ter medo do futuro|E da solidão|Que em minha porta bate...|E eu!|Gostava tanto de você|Gostava tanto de você...|Eu corro, fujo desta sombra|Em sonho vejo este passado|E na parede do meu quarto|Ainda está o seu retrato|Não quero ver pra não lembrar|Pensei até em me mudar|Lugar qualquer que não exista|O pensamento em você...|E eu!|Gostava tanto de você|Gostava tanto de você...|Não sei porque você se foi|Quantas saudades eu senti|E de tristezas vou viver|E aquele adeus não pude dar...|Você marcou em minha vida|Viveu, morreu|Na minha história|Chego a ter medo do futuro|E da solidão|Que em minha porta bate...|E eu!|Gostava tanto de você|Gostava tanto de você...|Eu corro, fujo desta sombra|Em sonho vejo este passado|E na parede do meu quarto|Ainda está o seu retrato|Não quero ver pra não lembrar|Pensei até em me mudar|Lugar qualquer que não exista|O pensamento em você...|E eu!|Gostava tanto de você|Gostava tanto de você...",https://www.vagalume.com.br/tim-maia/gostava-tanto-de-voce.html,3ade68b6g0db2fda3
68,68,Me Dê Motivo,"É engraçado, ás vezes a gente sente fica pensando|Que está sendo amado, que está amando e que|Encontrou tudo o que a vida poderia oferecer|E em cima disso a gente constrói os nossos sonhos|Os nossos castelos e cria um mundo de encanto|onde tudo é belo|Até que a mulher que a gente ama, vacila e põe tudo a|perder|E põe tudo a perder...|Mê de motivo, para ir embora|Estou vendo a hora de te perder|Mê de motivo, vai ser agora|Estou indo embora o que fazer|Estou indo embora não faz sentido|Ficar contigo melhor assim|E é nessa hora que o homem chora|A dor é forte demais pra mim|Já que você quis assim, tudo bem|Cada um pra o seu lado, a vida é isso mesmo|Eu vou procurar e sei que vou encontrar|Alguém melhor que você, espero que seja feliz|No seu novo caminho, ficar contigo|Não faz sentido, melhor assim|Mê de motivo, foi jogo sujo|E agora eu fujo pra não sofrer|Fui teu amigo, te dei o mundo|Você foi fundo quis me perder|Agora é tarde não tem mais jeito|O teu defeito não tem perdão|Eu vou a luta, que a vida é curta|Não vale a pena sofrer em vão|Pode crer você pôs tudo a perder|Não podia me fazer o que fez|E por mais que voce tente negar, me dê motivo|Podes crer eu vou sair por aí|E provar que posso ser bem feliz|Encontrar alguém que saiba me dar|Me dar motivo",https://www.vagalume.com.br/tim-maia/me-de-motivo-2.html,3ade68b7g11fe5ea3
69,69,"Não Quero Dinheiro, Só Quero Amar","Vou pedir pra você voltar|Vou pedir pra você ficar|Eu te amo|Eu te quero bem|Vou pedir pra você gostar|Vou pedir pra você me amar|Eu te amo|Eu te adoro, meu amor|A semana inteira fiquei esperando|Pra te ver sorrindo|Pra te ver cantando|Quando a gente ama não pensa em dinheiro|Só se quer amar|Se quer amar|Se quer amar|De jeito maneira|Não quero dinheiro|Eu quero amor sincero|Isto é que eu espero|Grito ao mundo inteiro|Não quero dinheiro|Eu só quero amar|Espero para ver se você vem|Não te troco nessa vida por ninguém|Porque eu te amo|Eu te quero bem|Acontece que na vida a gente tem|Que ser feliz por ser amado por alguém|Porque eu te amo|Eu te adoro, meu amor|A semana inteira fiquei esperando|Pra te ver sorrindo|Pra te ver cantando|Quando a gente ama não pensa em dinheiro|Só se quer amar|Se quer amar|Se quer amar|De jeito maneira|Não quero dinheiro|Eu quero amor sincero|Isto é que eu espero|Grito ao mundo inteiro|Não quero dinheiro|Eu só quero amar [2x]|De jeito maneira|Não quero dinheiro|Eu quero amor sincero|Isto é que eu espero|Grito ao mundo inteiro|Não quero dinheiro|Eu só quero amar",https://www.vagalume.com.br/tim-maia/nao-quero-dinheiro-so-quero-amar.html,3ade68b7g981c4ea3
70,70,Você,"De repente a dor|De esperar terminou|E o amor veio enfim|Eu que sempre sonhei|Mas não acreditei|Muito em mim|Vi o tempo passar|O inverno chegar|Outra vez mas desta vez|Todo pranto sumiu|Um encanto surgiu|Meu amor|Você|É mais do que sei|É mais que pensei|É mais que esperava, baby|Você|É algo assim|É tudo pra mim|É como eu sonhava, baby|Sou feliz agora|Não não vá embora não|Não não não não não|Não não vá embora|Não não vá embora|Não não vá embora|Não não vá embora|Vou morrer de saudade|Vou morrer de saudade|Vou morrer de saudade|Não vá embora|Não vá embora|Não vá embora|Vou morrer de saudade|Vou morrer de saudade|Não vá embora|Não vá, não vá|Vou morrer de saudade|Vou morrer de saudade",https://www.vagalume.com.br/tim-maia/voce-letras.html,3ade68b7gba335ea3
71,71,Chega de Saudade,"Vai minha tristeza|E diz a ela que sem ela não pode ser|Diz-lhe numa prece|Que ela regresse|Porque eu não posso mais sofrer|Chega de saudade|A realidade é que sem ela|Não há paz não há beleza|É só tristeza e a melancolia|Que não sai de mim|Não sai de mim|Não sai|Mas, se ela voltar|Se ela voltar que coisa linda!|Que coisa louca!|Pois há menos peixinhos a nadar no mar|Do que os beijinhos|Que eu darei na sua boca|Dentro dos meus braços, os abraços|Hão de ser milhões de abraços|Apertado assim, colado assim, calado assim,|Abraços e beijinhos e carinhos sem ter fim|Que é pra acabar|Com esse negócio|De você viver sem mim|Não quero mais esse negócio|De você longe de mim|Vamos deixar desse negócio|De você viver sem mim",https://www.vagalume.com.br/tom-jobim/chega-de-saudade.html,3ade68b6g73c2fda3
72,72,Eu Sei Que Vou Te Amar,"Eu sei que vou te amar|Por toda a minha vida eu vou te amar|Em cada despedida eu vou te amar|Desesperadamente, eu sei que vou te amar|E cada verso meu será|Pra te dizer que eu sei que vou te amar|Por toda minha vida|Eu sei que vou chorar|A cada ausência tua eu vou chorar|Mas cada volta tua há de apagar|O que esta ausência tua me causou|Eu sei que vou sofrer a eterna desventura de viver|A espera de viver ao lado teu|Por toda a minha vida",https://www.vagalume.com.br/tom-jobim/eu-sei-que-vou-te-amar.html,3ade68b6g34c2fda3
73,73,Garota de Ipanema,"Olha que coisa mais linda|Mais cheia de graça|É ela menina|Que vem e que passa|Num doce balanço|A caminho do mar|Moça do corpo dourado|Do sol de Ipanema|O seu balançado é mais que um poema|É a coisa mais linda que eu já vi passar|Ah, por que estou tão sozinho?|Ah, por que tudo é tão triste?|Ah, a beleza que existe|A beleza que não é só minha|Que também passa sozinha|Ah, se ela soubesse|Que quando ela passa|O mundo inteirinho se enche de graça|E fica mais lindo|Por causa do amor (3x)|Por causa do amor (2x)|Ah, se ela soubesse|Que quando ela passa|O mundo inteirinho se enche de graça|E fica mais lindo|Por causa do amor (3x)",https://www.vagalume.com.br/tom-jobim/garota-de-ipanema.html,3ade68b6g429beda3
74,74,Wave,"Vou te contar,|Os olhos já não podem ver|Coisas que só o coração pode entender.|Fundamental é mesmo o amor,|É impossível ser feliz sozinho.|O resto é mar,|É tudo que eu não sei contar.|São coisas lindas|Que eu tenho pra te dar.|Vem de mansinho a brisa e me diz:|É impossível ser feliz sozinho.|Da primeira vez era a cidade,|Da segunda, o cais e a eternidade.|Agora eu já sei|Da onda que se ergueu no mar,|E das estrelas que esquecemos de contar.|O amor se deixa surpreender,|Enquanto a noite vem nos envolver.|Vou te contar,|Os olhos já não podem ver|Coisas que só o coração pode entender.|Fundamental é mesmo o amor,|É impossível ser feliz sozinho.|O resto é mar,|É tudo que eu não sei contar.|São coisas lindas|Que eu tenho pra te dar.|Vem de mansinho a brisa e me diz:|É impossível ser feliz sozinho.|Da primeira vez era a cidade.|Da segunda, o cais e a eternidade.|Agora eu já sei|Da onda que se ergueu no mar,|E das estrelas que esquecemos de contar.|O amor se deixa surpreender,|Enquanto a noite vem nos envolver.|Vou te contar...",https://www.vagalume.com.br/tom-jobim/wave.html,3ade68b7gc23e3ea3
75,75,Aquarela,"Numa folha qualquer eu desenho um sol amarelo|E com cinco ou seis retas é fácil fazer um castelo|Corro o lápis em torno da mão e me dou uma luva,|E se faço chover, com dois riscos tenho um guarda-chuva|Se um pinguinho de tinta cai num pedacinho azul do papel,|Num instante imagino uma linda gaivota a voar no céu|Vai voando, contornando a imensa curva norte e sul,|Vou com ela, viajando, Havaí, Pequim ou Istambul|Pinto um barco a vela branco, navegando,|É tanto céu e mar num beijo azul|Entre as nuvens vem surgindo um lindo avião rosa e grená|Tudo em volta colorindo, com suas luzes á piscar|Basta imaginar que ele está partindo, sereno, lindo,|E se a gente quiser, ele vai pousar|Numa folha qualquer eu desenho um navio de partida|Com alguns bons amigos bebendo de bem com a vida|De uma américa a outra consigo passar num segundo,|Giro um simples compasso e num círculo eu faço o mundo|Um menino caminha e caminhando chega no muro|E ali logo em frente, a esperar pela gente, o futuro está|E o futuro é uma astronave que tentamos pilotar,|Não tem tempo nem piedade, nem tem hora de chegar|Sem pedir licença muda nossa vida, depois convida a rir ou chorar|Nessa estrada não nos cabe conhecer ou ver o que virá|O fim dela ninguém sabe bem ao certo onde vai dar|Vamos todos numa linda passarela|De uma aquarela que um dia, enfim, descolorirá|(que descolorirá)|(que descolorirá)|(que descolorirá)",https://www.vagalume.com.br/toquinho/aquarela-original.html,3ade68b7g712a4ea3
76,76,Velha Infância,"Você é assim|Um sonho pra mim|E quando eu não te vejo|Eu penso em você|Desde o amanhecer|Até quando eu me deito|Eu gosto de você|E gosto de ficar com você|Meu riso é tão feliz contigo|O meu melhor amigo é o meu amor|E a gente canta|E a gente dança|E a gente não se cansa|De ser criança|Da gente brincar|Da nossa velha infância|Seus olhos, meu clarão|Me guiam dentro da escuridão|Seus pés me abrem o caminho|Eu sigo e nunca me sinto só|Você é assim|Um sonho pra mim|Quero te encher de beijos|Eu penso em você|Desde o amanhecer|Até quando eu me deito|Eu gosto de você|E gosto de ficar com você|Meu riso é tão feliz contigo|O meu melhor amigo é o meu amor|E a gente canta|A gente dança|A gente não se cansa|De ser criança|A gente brinca|A nossa velha infância|Seus olhos meu clarão|Me guiam dentro da escuridão|Seus pés me abrem o caminho|Eu sigo e nunca me sinto só|Você é assim|Um sonho pra mim|Você é assim|Você é assim|Um sonho pra mim|Você é assim|Você é assim|Um sonho pra mim|E quando eu não te vejo|Eu penso em você|Desde o amanhecer|Até quando eu me deito|Eu gosto de você|E gosto de ficar com você|Meu riso é tão feliz contigo|O meu melhor amigo é o meu amor",https://www.vagalume.com.br/tribalistas/velha-infancia.html,3ade68b6g9986fda3
77,77,Ciúme,"Eu quero levar uma vida moderninha|Deixar minha menininha sair sozinha|Não ser machista e não bancar o possessivo|Ser mais seguro e não ser tão impulsivo|Mas eu me mordo de ciúme|Mas eu me mordo de ciúme|Meu bem me deixa sempre muito à vontade|Ela me diz que é muito bom ter liberdade|Que não há mal nenhum em ter outra amizade|E que brigar por isso é muita crueldade|Mas eu me mordo de ciúme|Mas eu me mordo de ciúme|Eu quero levar uma vida moderninha|Deixar minha menininha sair sozinha|Não ser machista e não bancar o possessivo|Ser mais seguro e não ser tão impulsivo|Mas eu me mordo de ciúme|Mas eu me mordo de ciúme|O ôôô|O ôôô|Mas eu me mordo de ciúme|Mas eu me mordo de ciúme|Ciúme, ciúme|Eu me mordo de ciúme|Eu me mordo, eu me mordo de ciúme|Eu me mordo, eu me rasgo, eu me acabo|Eu falo bobagem, eu faço bobagem, eu dou vexame|Eu faço, eu sigo, eu faço cenas de amor|Ciúme, ciúme, eu me mordo",https://www.vagalume.com.br/ultraje-a-rigor/ciume-2.html,3ade68b7g5c206ea3
78,78,Insensatez,"A insensatez que você fez|Coração mais sem cuidado|Fez chorar de dor|O seu amor|Um amor tão delicado|Ah, porque você foi fraco assim|Assim tão desalmado|Ah, meu coração quem nunca amou|Não merece ser amado|Vai meu coração ouve a razão|Usa só sinceridade|Quem semeia vento, diz a razão|Colhe sempre tempestade|Vai, meu coração pede perdão|Perdão apaixonado|Vai porque quem não|Pede perdão|Não é nunca perdoado",https://www.vagalume.com.br/vinicius-de-moraes/insensatez.html,3ade68b7gca105ea3
79,79,Onde Anda Você,"E por falar em saudade|Onde anda você|Onde andam os seus olhos|Que a gente não vê|Onde anda esse corpo|Que me deixou morto|De tanto prazer|E por falar em beleza|Onde anda a canção|Que se ouvia na noite|Dos bares de então|Onde a gente ficava|Onde a gente se amava|Em total solidão|Hoje eu saio na noite vazia|Numa boemia sem razão de ser|Na rotina dos bares|Que apesar dos pesares|Me trazem você|E por falar em paixão|Em razão de viver|Você bem que podia me aparecer|Nesses mesmos lugares|Na noite, nos bares|Onde anda você",https://www.vagalume.com.br/vinicius-de-moraes/onde-anda-voce.html,3ade68b7gfe2e3ea3
